-- phpMyAdmin SQL Dump
-- version 4.8.1
-- https://www.phpmyadmin.net/
--
-- Host: 127.0.0.1
-- Generation Time: 22-Jan-2019 às 20:59
-- Versão do servidor: 10.1.33-MariaDB
-- PHP Version: 7.2.6

SET SQL_MODE = "NO_AUTO_VALUE_ON_ZERO";
SET AUTOCOMMIT = 0;
START TRANSACTION;
SET time_zone = "+00:00";


/*!40101 SET @OLD_CHARACTER_SET_CLIENT=@@CHARACTER_SET_CLIENT */;
/*!40101 SET @OLD_CHARACTER_SET_RESULTS=@@CHARACTER_SET_RESULTS */;
/*!40101 SET @OLD_COLLATION_CONNECTION=@@COLLATION_CONNECTION */;
/*!40101 SET NAMES utf8mb4 */;

--
-- Database: `allclinic`
--

-- --------------------------------------------------------

--
-- Estrutura da tabela `agenda`
--

CREATE TABLE `agenda` (
  `CODAGTO` int(3) NOT NULL,
  `DESCRICAO` varchar(150) NOT NULL,
  `INICIO` time NOT NULL,
  `FIM` time NOT NULL,
  `SEGUNDA` tinyint(1) NOT NULL,
  `TERCA` tinyint(1) NOT NULL,
  `QUARTA` tinyint(1) NOT NULL,
  `QUINTA` tinyint(1) NOT NULL,
  `SEXTA` tinyint(1) NOT NULL,
  `SABADO` tinyint(1) NOT NULL,
  `DOMINGO` tinyint(1) NOT NULL,
  `CODINST` int(11) NOT NULL,
  `INTERVALO` int(3) NOT NULL
) ENGINE=InnoDB DEFAULT CHARSET=utf8;

--
-- Extraindo dados da tabela `agenda`
--

INSERT INTO `agenda` (`CODAGTO`, `DESCRICAO`, `INICIO`, `FIM`, `SEGUNDA`, `TERCA`, `QUARTA`, `QUINTA`, `SEXTA`, `SABADO`, `DOMINGO`, `CODINST`, `INTERVALO`) VALUES
(1, 'CADASTRO 41 9:50', '09:50:00', '18:00:00', 0, 1, 1, 0, 1, 0, 0, 1, 5),
(2, 'CADASTRO 41 213123', '08:00:00', '18:00:00', 0, 1, 1, 0, 0, 0, 0, 1, 5),
(3, 'AGENDA 4 AGORA', '08:30:00', '18:30:00', 1, 1, 1, 1, 0, 0, 0, 1, 15),
(4, 'AGENDA RADIOLOGIA', '08:30:00', '18:30:00', 1, 1, 1, 1, 1, 0, 0, 1, 15);

-- --------------------------------------------------------

--
-- Estrutura da tabela `agendamento`
--

CREATE TABLE `agendamento` (
  `CODAGTO` int(7) NOT NULL,
  `NOME` varchar(99) NOT NULL,
  `SOBRENOME` varchar(99) NOT NULL,
  `HORA` time NOT NULL,
  `DATA` date NOT NULL,
  `CODINST` int(7) NOT NULL,
  `CODCONV` int(7) NOT NULL,
  `CPF` varchar(15) NOT NULL,
  `NASCIMENTO` date NOT NULL,
  `PESO` float(6,3) DEFAULT NULL,
  `ALTURA` float(3,2) DEFAULT NULL,
  `ATIVIDADE` float(7,3) DEFAULT NULL
) ENGINE=InnoDB DEFAULT CHARSET=utf8;

--
-- Extraindo dados da tabela `agendamento`
--

INSERT INTO `agendamento` (`CODAGTO`, `NOME`, `SOBRENOME`, `HORA`, `DATA`, `CODINST`, `CODCONV`, `CPF`, `NASCIMENTO`, `PESO`, `ALTURA`, `ATIVIDADE`) VALUES
(31, 'RENATO1', 'ROESSLER1', '19:34:00', '2018-12-26', 1, 3, '212.131.313-12', '2018-12-11', 125.500, 1.25, 0.000),
(32, '', 'roessler1', '18:42:00', '2018-12-19', 1, 4, '020.516.970-86', '2018-12-18', 12.000, 12.00, 0.000),
(33, 'RENATO', 'ROESSLER', '13:25:00', '2019-01-04', 1, 5, '020.516.970-86', '1991-10-01', 125.000, 1.95, 0.000),
(34, 'RICARDO', 'SILVA', '13:31:00', '2019-01-04', 1, 5, '020.516.970-86', '2019-01-04', 125.000, 1.85, 0.000),
(35, 'RENATO', 'ROESSLER', '20:36:00', '2019-01-04', 1, 5, '020.516.970-86', '2019-02-01', 125.000, 1.85, 0.000),
(36, 'RENATO', 'ROESSLER', '20:36:00', '2019-01-04', 1, 5, '020.516.970-86', '2019-02-01', 125.000, 1.85, 0.000),
(37, 'RENATO', 'ROESSLER', '20:36:00', '2019-01-04', 1, 5, '020.516.970-86', '2019-02-01', 125.000, 1.85, 0.000),
(38, 'RENATO', 'ROESSLER', '20:36:00', '2019-01-04', 1, 5, '020.516.970-86', '2019-02-01', 125.000, 1.85, 6.500),
(40, 'RENATO', 'ROESSLER', '17:07:00', '2019-01-07', 1, 5, '020.516.970', '1991-10-01', 125.000, 1.65, 8.500),
(41, 'RENATO', 'ROESSLER', '20:39:00', '2019-01-10', 1, 5, '020.516.970-86', '1991-10-01', 125.000, 9.99, 12.000),
(42, 'RENATO', 'ROESSLER', '13:56:00', '2019-01-11', 1, 4, '020.516.970-86', '2009-06-15', 125.000, 9.99, 124.000),
(43, 'RICARDO', 'BORDIM', '20:23:00', '2019-01-11', 1, 6, '000.000.000-00', '2019-01-23', 100.000, 1.56, 12.430),
(46, 'REANTO', 'ROESSLE', '20:57:00', '2019-01-14', 1, 5, '020.516.970-86', '1991-10-01', 126.500, 1.93, 125.000),
(47, 'RENATO', 'ROESSLER', '20:58:00', '2019-01-14', 1, 5, '020.516.970-86', '1991-10-01', 125.650, 1.58, 123.000),
(48, 'RENATO', 'ROESSLER', '13:53:00', '2019-01-15', 1, 5, '020.516.970-86', '1991-10-01', NULL, NULL, NULL),
(49, 'RENATO', 'ROESSLER', '13:53:00', '2019-01-15', 1, 5, '020.516.970-86', '1991-10-01', NULL, NULL, NULL),
(50, 'RENATO', 'ROESSLER', '13:53:00', '2019-01-15', 1, 5, '020.516.970-86', '1991-10-01', NULL, NULL, 125.000),
(51, 'DANIELE', 'FERREIRA', '14:27:00', '2019-01-15', 1, 5, '020.516.970-8', '1991-10-01', NULL, NULL, NULL),
(52, 'RENATO', 'ROESSLER', '19:10:00', '2019-01-17', 1, 4, '000.000.000-00', '1991-01-01', 100.000, 1.93, NULL),
(53, 'RENATO', 'ROESSLER', '19:12:00', '2019-01-18', 1, 4, '000.000.000-00', '1994-01-01', 100.000, 1.93, 25.000);

-- --------------------------------------------------------

--
-- Estrutura da tabela `agtoexame`
--

CREATE TABLE `agtoexame` (
  `CODAGTOEXA` int(8) NOT NULL,
  `CODPROCEDIMENTO` int(7) DEFAULT NULL,
  `CODAGTO` int(7) NOT NULL,
  `CODRADIOISOTOPO` int(7) DEFAULT NULL,
  `PERMANENCIA` time DEFAULT NULL,
  `REPETICAO` char(1) DEFAULT NULL
) ENGINE=InnoDB DEFAULT CHARSET=utf8;

--
-- Extraindo dados da tabela `agtoexame`
--

INSERT INTO `agtoexame` (`CODAGTOEXA`, `CODPROCEDIMENTO`, `CODAGTO`, `CODRADIOISOTOPO`, `PERMANENCIA`, `REPETICAO`) VALUES
(26, 8, 31, 0, NULL, NULL),
(27, 10, 32, 0, NULL, NULL),
(28, 8, 33, 0, NULL, NULL),
(29, 9, 34, 0, NULL, NULL),
(30, 10, 38, 3, NULL, NULL),
(32, 9, 40, 3, NULL, NULL),
(33, 9, 41, 3, NULL, NULL),
(34, 9, 42, 3, NULL, NULL),
(35, 8, 43, 3, NULL, NULL),
(38, 10, 46, 8, NULL, NULL),
(39, 9, 47, 8, NULL, NULL),
(40, 10, 50, 8, '01:01:00', 'N'),
(41, NULL, 51, NULL, '00:00:00', 'N'),
(42, NULL, 52, NULL, '00:00:00', 'N'),
(43, 10, 53, 6, '01:00:00', 'N');

-- --------------------------------------------------------

--
-- Estrutura da tabela `ci_session`
--

CREATE TABLE `ci_session` (
  `id` varchar(40) NOT NULL,
  `ip_address` varchar(45) NOT NULL,
  `timestamp` int(10) UNSIGNED NOT NULL DEFAULT '0',
  `data` blob NOT NULL
) ENGINE=InnoDB DEFAULT CHARSET=utf8;

--
-- Extraindo dados da tabela `ci_session`
--

INSERT INTO `ci_session` (`id`, `ip_address`, `timestamp`, `data`) VALUES
('08gdrvhuavik586arg7aj528ji2am8j4', '::1', 1548160379, 0x5f5f63695f6c6173745f726567656e65726174657c693a313534383136303337393b6c6f6761646f7c623a313b434f44494e53547c733a313a2231223b4e4f4d457c733a31353a2252454e41544f20524f4553534c4552223b4150454c555345527c733a363a2252454e41544f223b494e53545f46414e54415349417c733a383a2244454c4c4155444f223b4d53477c4e3b),
('09gcrn0m1i47v88ivu2rt241aadi1gen', '::1', 1547502443, 0x5f5f63695f6c6173745f726567656e65726174657c693a313534373530323434323b6c6f6761646f7c623a313b434f44494e53547c733a313a2231223b4e4f4d457c733a31353a2252454e41544f20524f4553534c4552223b4150454c555345527c733a363a2252454e41544f223b494e53545f46414e54415349417c733a383a2244454c4c4155444f223b4d53477c4e3b),
('0gml8j4i1uuqgrojj7kvf0mg7mae737j', '::1', 1547579964, 0x5f5f63695f6c6173745f726567656e65726174657c693a313534373537393936343b6c6f6761646f7c623a313b434f44494e53547c733a313a2231223b4e4f4d457c733a31353a2252454e41544f20524f4553534c4552223b4150454c555345527c733a363a2252454e41544f223b494e53545f46414e54415349417c733a383a2244454c4c4155444f223b4d53477c4e3b),
('0qa7anm44atolkkp0pq68lf6le1cttpd', '::1', 1547728274, 0x5f5f63695f6c6173745f726567656e65726174657c693a313534373732383237343b6c6f6761646f7c623a313b434f44494e53547c733a313a2231223b4e4f4d457c733a31353a2252454e41544f20524f4553534c4552223b4150454c555345527c733a363a2252454e41544f223b494e53545f46414e54415349417c733a383a2244454c4c4155444f223b4d53477c4e3b),
('140kjdn127hshjn8i5fmp8jdhfjc2k45', '::1', 1547494084, 0x5f5f63695f6c6173745f726567656e65726174657c693a313534373439343038343b6c6f6761646f7c623a313b434f44494e53547c733a313a2231223b4e4f4d457c733a31353a2252454e41544f20524f4553534c4552223b4150454c555345527c733a363a2252454e41544f223b494e53545f46414e54415349417c733a383a2244454c4c4155444f223b4d53477c4e3b),
('16dr0r503fl02tma7153o5lq7534rub1', '::1', 1547579274, 0x5f5f63695f6c6173745f726567656e65726174657c693a313534373537393237343b6c6f6761646f7c623a313b434f44494e53547c733a313a2231223b4e4f4d457c733a31353a2252454e41544f20524f4553534c4552223b4150454c555345527c733a363a2252454e41544f223b494e53545f46414e54415349417c733a383a2244454c4c4155444f223b4d53477c4e3b),
('17qsi2chorine6g7052d09epuindiv2k', '::1', 1547566893, 0x5f5f63695f6c6173745f726567656e65726174657c693a313534373536363839333b6c6f6761646f7c623a313b434f44494e53547c733a313a2231223b4e4f4d457c733a31353a2252454e41544f20524f4553534c4552223b4150454c555345527c733a363a2252454e41544f223b494e53545f46414e54415349417c733a383a2244454c4c4155444f223b4d53477c4e3b),
('19r25ahs828bnjooor1q67fbnvqrjubp', '::1', 1547653490, 0x5f5f63695f6c6173745f726567656e65726174657c693a313534373635333439303b6c6f6761646f7c623a313b434f44494e53547c733a313a2231223b4e4f4d457c733a31353a2252454e41544f20524f4553534c4552223b4150454c555345527c733a363a2252454e41544f223b494e53545f46414e54415349417c733a383a2244454c4c4155444f223b),
('1r58p80bbptks2ikj3m3nv6sgmq96b0p', '::1', 1547496139, 0x5f5f63695f6c6173745f726567656e65726174657c693a313534373439363133393b6c6f6761646f7c623a313b434f44494e53547c733a313a2231223b4e4f4d457c733a31353a2252454e41544f20524f4553534c4552223b4150454c555345527c733a363a2252454e41544f223b494e53545f46414e54415349417c733a383a2244454c4c4155444f223b4d53477c4e3b),
('1vleu4d98e6u9339uvnr9cq1ami8g1he', '::1', 1547742962, 0x5f5f63695f6c6173745f726567656e65726174657c693a313534373734323936323b6c6f6761646f7c623a313b434f44494e53547c733a313a2231223b4e4f4d457c733a31353a2252454e41544f20524f4553534c4552223b4150454c555345527c733a363a2252454e41544f223b494e53545f46414e54415349417c733a383a2244454c4c4155444f223b4d53477c4e3b),
('216n1pncm9bsadelkg3rgu87el85h3av', '::1', 1547577885, 0x5f5f63695f6c6173745f726567656e65726174657c693a313534373537373838353b6c6f6761646f7c623a313b434f44494e53547c733a313a2231223b4e4f4d457c733a31353a2252454e41544f20524f4553534c4552223b4150454c555345527c733a363a2252454e41544f223b494e53545f46414e54415349417c733a383a2244454c4c4155444f223b4d53477c4e3b),
('2h1tva4hks4qbp8tek29dk40l5veve84', '::1', 1547502442, 0x5f5f63695f6c6173745f726567656e65726174657c693a313534373530323434323b6c6f6761646f7c623a313b434f44494e53547c733a313a2231223b4e4f4d457c733a31353a2252454e41544f20524f4553534c4552223b4150454c555345527c733a363a2252454e41544f223b494e53545f46414e54415349417c733a383a2244454c4c4155444f223b4d53477c4e3b),
('35ess38es6bonvtqjfee3lu8imj02ugt', '::1', 1547826273, 0x5f5f63695f6c6173745f726567656e65726174657c693a313534373832363237333b6c6f6761646f7c623a313b434f44494e53547c733a313a2231223b4e4f4d457c733a31353a2252454e41544f20524f4553534c4552223b4150454c555345527c733a363a2252454e41544f223b494e53545f46414e54415349417c733a383a2244454c4c4155444f223b4d53477c4e3b),
('399dt7adglodc5e6b328sr9dgucfles3', '::1', 1547495453, 0x5f5f63695f6c6173745f726567656e65726174657c693a313534373439353435333b6c6f6761646f7c623a313b434f44494e53547c733a313a2231223b4e4f4d457c733a31353a2252454e41544f20524f4553534c4552223b4150454c555345527c733a363a2252454e41544f223b494e53545f46414e54415349417c733a383a2244454c4c4155444f223b4d53477c4e3b),
('3o38vr2ui5e7f4v855l6ikh2mrp97ol2', '::1', 1547836822, 0x5f5f63695f6c6173745f726567656e65726174657c693a313534373833363832323b6c6f6761646f7c623a313b434f44494e53547c733a313a2231223b4e4f4d457c733a31353a2252454e41544f20524f4553534c4552223b4150454c555345527c733a363a2252454e41544f223b494e53545f46414e54415349417c733a383a2244454c4c4155444f223b4d53477c4e3b),
('52rq8kj36d1vpo7q0bvddtha45jmem9m', '::1', 1547724502, 0x5f5f63695f6c6173745f726567656e65726174657c693a313534373732343530323b6c6f6761646f7c623a313b434f44494e53547c733a313a2231223b4e4f4d457c733a31353a2252454e41544f20524f4553534c4552223b4150454c555345527c733a363a2252454e41544f223b494e53545f46414e54415349417c733a383a2244454c4c4155444f223b4d53477c4e3b),
('5kk98qa7033ssa7l4hqjkq28m25v29fo', '::1', 1548098091, 0x5f5f63695f6c6173745f726567656e65726174657c693a313534383039383038373b6c6f6761646f7c623a313b434f44494e53547c733a313a2231223b4e4f4d457c733a31353a2252454e41544f20524f4553534c4552223b4150454c555345527c733a363a2252454e41544f223b494e53545f46414e54415349417c733a383a2244454c4c4155444f223b),
('5mftl4tqd17e7pmf3dsbm8lsb447a4bv', '::1', 1547568209, 0x5f5f63695f6c6173745f726567656e65726174657c693a313534373536383230393b6c6f6761646f7c623a313b434f44494e53547c733a313a2231223b4e4f4d457c733a31353a2252454e41544f20524f4553534c4552223b4150454c555345527c733a363a2252454e41544f223b494e53545f46414e54415349417c733a383a2244454c4c4155444f223b4d53477c4e3b),
('5nbbrkd4qh7jkbha8rtvlhk3uam8pvqh', '::1', 1547558370, 0x5f5f63695f6c6173745f726567656e65726174657c693a313534373535383337303b6c6f6761646f7c623a313b434f44494e53547c733a313a2231223b4e4f4d457c733a31353a2252454e41544f20524f4553534c4552223b4150454c555345527c733a363a2252454e41544f223b494e53545f46414e54415349417c733a383a2244454c4c4155444f223b4d53477c4e3b),
('5ssafg1dmffi9rla75om296s502l9ig4', '::1', 1547729212, 0x5f5f63695f6c6173745f726567656e65726174657c693a313534373732393231323b6c6f6761646f7c623a313b434f44494e53547c733a313a2231223b4e4f4d457c733a31353a2252454e41544f20524f4553534c4552223b4150454c555345527c733a363a2252454e41544f223b494e53545f46414e54415349417c733a383a2244454c4c4155444f223b4d53477c4e3b),
('5t0nsvatbccc07ee87qhejlgbldlpdpb', '::1', 1547741791, 0x5f5f63695f6c6173745f726567656e65726174657c693a313534373734313739313b6c6f6761646f7c623a313b434f44494e53547c733a313a2231223b4e4f4d457c733a31353a2252454e41544f20524f4553534c4552223b4150454c555345527c733a363a2252454e41544f223b494e53545f46414e54415349417c733a383a2244454c4c4155444f223b),
('5vujff7n4imclvu4t7tl4eghba9q6juc', '::1', 1547837194, 0x5f5f63695f6c6173745f726567656e65726174657c693a313534373833373139343b6c6f6761646f7c623a313b434f44494e53547c733a313a2231223b4e4f4d457c733a31353a2252454e41544f20524f4553534c4552223b4150454c555345527c733a363a2252454e41544f223b494e53545f46414e54415349417c733a383a2244454c4c4155444f223b4d53477c4e3b),
('67rbg9irlcpp83ti0vg5ev8rkqfaa5gj', '::1', 1547817541, 0x5f5f63695f6c6173745f726567656e65726174657c693a313534373831373534313b6c6f6761646f7c623a313b434f44494e53547c733a313a2231223b4e4f4d457c733a31353a2252454e41544f20524f4553534c4552223b4150454c555345527c733a363a2252454e41544f223b494e53545f46414e54415349417c733a383a2244454c4c4155444f223b),
('6blarb7uoaacqgd0ovsr82c6gliutnah', '::1', 1547744570, 0x5f5f63695f6c6173745f726567656e65726174657c693a313534373734343537303b6c6f6761646f7c623a313b434f44494e53547c733a313a2231223b4e4f4d457c733a31353a2252454e41544f20524f4553534c4552223b4150454c555345527c733a363a2252454e41544f223b494e53545f46414e54415349417c733a383a2244454c4c4155444f223b4d53477c4e3b),
('6ctjcofnger9qqau6jk4ci3t6phasail', '::1', 1548185694, 0x5f5f63695f6c6173745f726567656e65726174657c693a313534383138353639343b6c6f6761646f7c623a313b434f44494e53547c733a313a2231223b4e4f4d457c733a31353a2252454e41544f20524f4553534c4552223b4150454c555345527c733a363a2252454e41544f223b494e53545f46414e54415349417c733a383a2244454c4c4155444f223b4d53477c4e3b),
('6f1vqj4vhsh7egmnnpj6sp80bjmb5d9b', '::1', 1547837629, 0x5f5f63695f6c6173745f726567656e65726174657c693a313534373833373632393b6c6f6761646f7c623a313b434f44494e53547c733a313a2231223b4e4f4d457c733a31353a2252454e41544f20524f4553534c4552223b4150454c555345527c733a363a2252454e41544f223b494e53545f46414e54415349417c733a383a2244454c4c4155444f223b4d53477c4e3b),
('6n5p7hidkm0hvqsi3efm53k6e389ba28', '::1', 1548097167, 0x5f5f63695f6c6173745f726567656e65726174657c693a313534383039373136373b6c6f6761646f7c623a313b434f44494e53547c733a313a2231223b4e4f4d457c733a31353a2252454e41544f20524f4553534c4552223b4150454c555345527c733a363a2252454e41544f223b494e53545f46414e54415349417c733a383a2244454c4c4155444f223b),
('7h4akpsq25p0q2omp0cj4rlqvttd56o2', '::1', 1547557914, 0x5f5f63695f6c6173745f726567656e65726174657c693a313534373535373931343b6c6f6761646f7c623a313b434f44494e53547c733a313a2231223b4e4f4d457c733a31353a2252454e41544f20524f4553534c4552223b4150454c555345527c733a363a2252454e41544f223b494e53545f46414e54415349417c733a383a2244454c4c4155444f223b4d53477c4e3b),
('8ag7ohn7amett11tn0vj37tnv27s62bt', '::1', 1547744173, 0x5f5f63695f6c6173745f726567656e65726174657c693a313534373734343137333b6c6f6761646f7c623a313b434f44494e53547c733a313a2231223b4e4f4d457c733a31353a2252454e41544f20524f4553534c4552223b4150454c555345527c733a363a2252454e41544f223b494e53545f46414e54415349417c733a383a2244454c4c4155444f223b4d53477c4e3b),
('8b7dbe0kplpns3rsrot2v1c47afd4sfi', '::1', 1547817193, 0x5f5f63695f6c6173745f726567656e65726174657c693a313534373831373139333b6c6f6761646f7c623a313b434f44494e53547c733a313a2231223b4e4f4d457c733a31353a2252454e41544f20524f4553534c4552223b4150454c555345527c733a363a2252454e41544f223b494e53545f46414e54415349417c733a383a2244454c4c4155444f223b),
('8l010kkgbce6714gdktv1hgeajo6bb8g', '::1', 1548182658, 0x5f5f63695f6c6173745f726567656e65726174657c693a313534383138323635383b6c6f6761646f7c623a313b434f44494e53547c733a313a2231223b4e4f4d457c733a31353a2252454e41544f20524f4553534c4552223b4150454c555345527c733a363a2252454e41544f223b494e53545f46414e54415349417c733a383a2244454c4c4155444f223b4d53477c4e3b),
('8pclsvd3vh4vnijcnh78r260ff8nuhbe', '::1', 1547835454, 0x5f5f63695f6c6173745f726567656e65726174657c693a313534373833353435343b6c6f6761646f7c623a313b434f44494e53547c733a313a2231223b4e4f4d457c733a31353a2252454e41544f20524f4553534c4552223b4150454c555345527c733a363a2252454e41544f223b494e53545f46414e54415349417c733a383a2244454c4c4155444f223b4d53477c4e3b),
('9558alsc0cinq38spemnocoggiuhd95l', '::1', 1547742606, 0x5f5f63695f6c6173745f726567656e65726174657c693a313534373734323630363b6c6f6761646f7c623a313b434f44494e53547c733a313a2231223b4e4f4d457c733a31353a2252454e41544f20524f4553534c4552223b4150454c555345527c733a363a2252454e41544f223b494e53545f46414e54415349417c733a383a2244454c4c4155444f223b4d53477c4e3b),
('96lkr0hqbuhhom4446muunl1vkk5bfem', '::1', 1548178470, 0x5f5f63695f6c6173745f726567656e65726174657c693a313534383137383437303b6c6f6761646f7c623a313b434f44494e53547c733a313a2231223b4e4f4d457c733a31353a2252454e41544f20524f4553534c4552223b4150454c555345527c733a363a2252454e41544f223b494e53545f46414e54415349417c733a383a2244454c4c4155444f223b4d53477c4e3b),
('9es2h3h99j0686b1ia818tn1kfp2glv8', '::1', 1547672652, 0x5f5f63695f6c6173745f726567656e65726174657c693a313534373637323635323b6c6f6761646f7c623a313b434f44494e53547c733a313a2231223b4e4f4d457c733a31353a2252454e41544f20524f4553534c4552223b4150454c555345527c733a363a2252454e41544f223b494e53545f46414e54415349417c733a383a2244454c4c4155444f223b),
('9i5qd40m0ldho5rnruu1ikl1qnp8s99o', '::1', 1547497498, 0x5f5f63695f6c6173745f726567656e65726174657c693a313534373439373439383b6c6f6761646f7c623a313b434f44494e53547c733a313a2231223b4e4f4d457c733a31353a2252454e41544f20524f4553534c4552223b4150454c555345527c733a363a2252454e41544f223b494e53545f46414e54415349417c733a383a2244454c4c4155444f223b4d53477c4e3b),
('9nvqv9ugedfebrfn1apc4vcabpa10osl', '::1', 1547835993, 0x5f5f63695f6c6173745f726567656e65726174657c693a313534373833353939333b6c6f6761646f7c623a313b434f44494e53547c733a313a2231223b4e4f4d457c733a31353a2252454e41544f20524f4553534c4552223b4150454c555345527c733a363a2252454e41544f223b494e53545f46414e54415349417c733a383a2244454c4c4155444f223b4d53477c4e3b),
('9o4ljt0cb1i4jpmv3gnq4r1jgenfp0gn', '::1', 1547745269, 0x5f5f63695f6c6173745f726567656e65726174657c693a313534373734353236393b6c6f6761646f7c623a313b434f44494e53547c733a313a2231223b4e4f4d457c733a31353a2252454e41544f20524f4553534c4552223b4150454c555345527c733a363a2252454e41544f223b494e53545f46414e54415349417c733a383a2244454c4c4155444f223b4d53477c4e3b),
('a7id6r6jjqfr7687jjsasj6kts6jho0v', '::1', 1548183210, 0x5f5f63695f6c6173745f726567656e65726174657c693a313534383138333231303b6c6f6761646f7c623a313b434f44494e53547c733a313a2231223b4e4f4d457c733a31353a2252454e41544f20524f4553534c4552223b4150454c555345527c733a363a2252454e41544f223b494e53545f46414e54415349417c733a383a2244454c4c4155444f223b4d53477c4e3b),
('a9m4kf4uaes4183aprci89bbv85r9j65', '::1', 1547580102, 0x5f5f63695f6c6173745f726567656e65726174657c693a313534373537393936343b6c6f6761646f7c623a313b434f44494e53547c733a313a2231223b4e4f4d457c733a31353a2252454e41544f20524f4553534c4552223b4150454c555345527c733a363a2252454e41544f223b494e53545f46414e54415349417c733a383a2244454c4c4155444f223b4d53477c4e3b),
('ainmd2b1e1k483e04sgpo73vc2l4kaad', '::1', 1547657006, 0x5f5f63695f6c6173745f726567656e65726174657c693a313534373635373030363b6c6f6761646f7c623a313b434f44494e53547c733a313a2231223b4e4f4d457c733a31353a2252454e41544f20524f4553534c4552223b4150454c555345527c733a363a2252454e41544f223b494e53545f46414e54415349417c733a383a2244454c4c4155444f223b),
('arcp9dt27d9goju80tdtk8b14nnvvgqq', '::1', 1547567560, 0x5f5f63695f6c6173745f726567656e65726174657c693a313534373536373536303b6c6f6761646f7c623a313b434f44494e53547c733a313a2231223b4e4f4d457c733a31353a2252454e41544f20524f4553534c4552223b4150454c555345527c733a363a2252454e41544f223b494e53545f46414e54415349417c733a383a2244454c4c4155444f223b4d53477c4e3b),
('b05mrbtm0a2htqkktr5pbk4m0169nq4n', '::1', 1547828523, 0x5f5f63695f6c6173745f726567656e65726174657c693a313534373832383532333b6c6f6761646f7c623a313b434f44494e53547c733a313a2231223b4e4f4d457c733a31353a2252454e41544f20524f4553534c4552223b4150454c555345527c733a363a2252454e41544f223b494e53545f46414e54415349417c733a383a2244454c4c4155444f223b4d53477c4e3b),
('b8p1cq7po28875jneu0utg502qa6p65n', '::1', 1547818379, 0x5f5f63695f6c6173745f726567656e65726174657c693a313534373831383337393b6c6f6761646f7c623a313b434f44494e53547c733a313a2231223b4e4f4d457c733a31353a2252454e41544f20524f4553534c4552223b4150454c555345527c733a363a2252454e41544f223b494e53545f46414e54415349417c733a383a2244454c4c4155444f223b4d53477c4e3b),
('bbhng7hjhvvgimskpfmfov2u8fdbgeml', '::1', 1547557143, 0x5f5f63695f6c6173745f726567656e65726174657c693a313534373535373134333b6c6f6761646f7c623a313b434f44494e53547c733a313a2231223b4e4f4d457c733a31353a2252454e41544f20524f4553534c4552223b4150454c555345527c733a363a2252454e41544f223b494e53545f46414e54415349417c733a383a2244454c4c4155444f223b),
('bhb575fibsr2h32o9nmeid1tf03p6nkj', '::1', 1547569575, 0x5f5f63695f6c6173745f726567656e65726174657c693a313534373536393537353b6c6f6761646f7c623a313b434f44494e53547c733a313a2231223b4e4f4d457c733a31353a2252454e41544f20524f4553534c4552223b4150454c555345527c733a363a2252454e41544f223b494e53545f46414e54415349417c733a383a2244454c4c4155444f223b4d53477c4e3b),
('bk96b2gr9fp6dronsd1a9ustgejdgqdc', '::1', 1547569201, 0x5f5f63695f6c6173745f726567656e65726174657c693a313534373536393230313b6c6f6761646f7c623a313b434f44494e53547c733a313a2231223b4e4f4d457c733a31353a2252454e41544f20524f4553534c4552223b4150454c555345527c733a363a2252454e41544f223b494e53545f46414e54415349417c733a383a2244454c4c4155444f223b4d53477c4e3b),
('bmjicq9shbvodg8cd5s3rdn3b9sn6a6l', '::1', 1547722785, 0x5f5f63695f6c6173745f726567656e65726174657c693a313534373732323738353b6c6f6761646f7c623a313b434f44494e53547c733a313a2231223b4e4f4d457c733a31353a2252454e41544f20524f4553534c4552223b4150454c555345527c733a363a2252454e41544f223b494e53545f46414e54415349417c733a383a2244454c4c4155444f223b4d53477c4e3b),
('bo6ss08d3kjv4e7mmt7ag2gb78khsf03', '::1', 1547657989, 0x5f5f63695f6c6173745f726567656e65726174657c693a313534373635373938393b6c6f6761646f7c623a313b434f44494e53547c733a313a2231223b4e4f4d457c733a31353a2252454e41544f20524f4553534c4552223b4150454c555345527c733a363a2252454e41544f223b494e53545f46414e54415349417c733a383a2244454c4c4155444f223b),
('c6qg5rm57pb980pat93n396682rr02ig', '::1', 1547657314, 0x5f5f63695f6c6173745f726567656e65726174657c693a313534373635373331343b6c6f6761646f7c623a313b434f44494e53547c733a313a2231223b4e4f4d457c733a31353a2252454e41544f20524f4553534c4552223b4150454c555345527c733a363a2252454e41544f223b494e53545f46414e54415349417c733a383a2244454c4c4155444f223b),
('c99m4gpfua97gldc7h7vk8jvlmluu0hk', '::1', 1548185240, 0x5f5f63695f6c6173745f726567656e65726174657c693a313534383138353234303b6c6f6761646f7c623a313b434f44494e53547c733a313a2231223b4e4f4d457c733a31353a2252454e41544f20524f4553534c4552223b4150454c555345527c733a363a2252454e41544f223b494e53545f46414e54415349417c733a383a2244454c4c4155444f223b4d53477c4e3b),
('ckrn699ddljage4k7joug3c9pcm07l0l', '::1', 1547665113, 0x5f5f63695f6c6173745f726567656e65726174657c693a313534373636353131333b6c6f6761646f7c623a313b434f44494e53547c733a313a2231223b4e4f4d457c733a31353a2252454e41544f20524f4553534c4552223b4150454c555345527c733a363a2252454e41544f223b494e53545f46414e54415349417c733a383a2244454c4c4155444f223b),
('cm36k0e0a11qte68qsdtv01kq7tccbvi', '::1', 1547665534, 0x5f5f63695f6c6173745f726567656e65726174657c693a313534373636353533343b6c6f6761646f7c623a313b434f44494e53547c733a313a2231223b4e4f4d457c733a31353a2252454e41544f20524f4553534c4552223b4150454c555345527c733a363a2252454e41544f223b494e53545f46414e54415349417c733a383a2244454c4c4155444f223b),
('cu2rt2db2cve3tpcm6msb2hlj2g8bi63', '::1', 1547835149, 0x5f5f63695f6c6173745f726567656e65726174657c693a313534373833353134393b6c6f6761646f7c623a313b434f44494e53547c733a313a2231223b4e4f4d457c733a31353a2252454e41544f20524f4553534c4552223b4150454c555345527c733a363a2252454e41544f223b494e53545f46414e54415349417c733a383a2244454c4c4155444f223b4d53477c4e3b),
('d955rnm8gbm2k6ag0a096fr1j4459iu9', '::1', 1548171972, 0x5f5f63695f6c6173745f726567656e65726174657c693a313534383137313937323b6c6f6761646f7c623a313b434f44494e53547c733a313a2231223b4e4f4d457c733a31353a2252454e41544f20524f4553534c4552223b4150454c555345527c733a363a2252454e41544f223b494e53545f46414e54415349417c733a383a2244454c4c4155444f223b4d53477c4e3b),
('d97t00cq7odu16jojdrgvv27lps52ncu', '::1', 1548184620, 0x5f5f63695f6c6173745f726567656e65726174657c693a313534383138343632303b6c6f6761646f7c623a313b434f44494e53547c733a313a2231223b4e4f4d457c733a31353a2252454e41544f20524f4553534c4552223b4150454c555345527c733a363a2252454e41544f223b494e53545f46414e54415349417c733a383a2244454c4c4155444f223b4d53477c4e3b),
('efdhnec364gru27tfkclmde9pd24vpfa', '::1', 1547829117, 0x5f5f63695f6c6173745f726567656e65726174657c693a313534373832393131373b6c6f6761646f7c623a313b434f44494e53547c733a313a2231223b4e4f4d457c733a31353a2252454e41544f20524f4553534c4552223b4150454c555345527c733a363a2252454e41544f223b494e53545f46414e54415349417c733a383a2244454c4c4155444f223b4d53477c4e3b),
('eur4eghg8p1jphifi6ha9djifsnn4258', '::1', 1547576180, 0x5f5f63695f6c6173745f726567656e65726174657c693a313534373537363138303b6c6f6761646f7c623a313b434f44494e53547c733a313a2231223b4e4f4d457c733a31353a2252454e41544f20524f4553534c4552223b4150454c555345527c733a363a2252454e41544f223b494e53545f46414e54415349417c733a383a2244454c4c4155444f223b4d53477c4e3b),
('fgh3ti0ra515vlghli87vm94dnj9fcac', '::1', 1547571176, 0x5f5f63695f6c6173745f726567656e65726174657c693a313534373537313137363b6c6f6761646f7c623a313b434f44494e53547c733a313a2231223b4e4f4d457c733a31353a2252454e41544f20524f4553534c4552223b4150454c555345527c733a363a2252454e41544f223b494e53545f46414e54415349417c733a383a2244454c4c4155444f223b4d53477c4e3b),
('flntn6d9251jjmur7jm03vh7n4u7pmkv', '::1', 1547558681, 0x5f5f63695f6c6173745f726567656e65726174657c693a313534373535383638313b6c6f6761646f7c623a313b434f44494e53547c733a313a2231223b4e4f4d457c733a31353a2252454e41544f20524f4553534c4552223b4150454c555345527c733a363a2252454e41544f223b494e53545f46414e54415349417c733a383a2244454c4c4155444f223b4d53477c4e3b),
('fqbc5h7c3d2r5djf0fk72braboqqdv37', '::1', 1547577411, 0x5f5f63695f6c6173745f726567656e65726174657c693a313534373537373431313b6c6f6761646f7c623a313b434f44494e53547c733a313a2231223b4e4f4d457c733a31353a2252454e41544f20524f4553534c4552223b4150454c555345527c733a363a2252454e41544f223b494e53545f46414e54415349417c733a383a2244454c4c4155444f223b4d53477c4e3b),
('h560a5nfvtpq11milq687i9df9hp35tv', '::1', 1547678455, 0x5f5f63695f6c6173745f726567656e65726174657c693a313534373637383435353b6c6f6761646f7c623a313b434f44494e53547c733a313a2231223b4e4f4d457c733a31353a2252454e41544f20524f4553534c4552223b4150454c555345527c733a363a2252454e41544f223b494e53545f46414e54415349417c733a383a2244454c4c4155444f223b),
('h5tr9auo1248megmlf54oqq05m2umr13', '::1', 1547829365, 0x5f5f63695f6c6173745f726567656e65726174657c693a313534373832393131373b6c6f6761646f7c623a313b434f44494e53547c733a313a2231223b4e4f4d457c733a31353a2252454e41544f20524f4553534c4552223b4150454c555345527c733a363a2252454e41544f223b494e53545f46414e54415349417c733a383a2244454c4c4155444f223b4d53477c4e3b),
('h7veaonlpm38qpsjlfqmdjd398vb3j94', '::1', 1548183796, 0x5f5f63695f6c6173745f726567656e65726174657c693a313534383138333739363b6c6f6761646f7c623a313b434f44494e53547c733a313a2231223b4e4f4d457c733a31353a2252454e41544f20524f4553534c4552223b4150454c555345527c733a363a2252454e41544f223b494e53545f46414e54415349417c733a383a2244454c4c4155444f223b4d53477c4e3b),
('hcuplt9qekfk1f11rib6e5ovf9olt6gk', '::1', 1547495754, 0x5f5f63695f6c6173745f726567656e65726174657c693a313534373439353735343b6c6f6761646f7c623a313b434f44494e53547c733a313a2231223b4e4f4d457c733a31353a2252454e41544f20524f4553534c4552223b4150454c555345527c733a363a2252454e41544f223b494e53545f46414e54415349417c733a383a2244454c4c4155444f223b4d53477c4e3b),
('hfg28mdla476unih9jbshl9omeimv97m', '::1', 1547741489, 0x5f5f63695f6c6173745f726567656e65726174657c693a313534373734313438393b6c6f6761646f7c623a313b434f44494e53547c733a313a2231223b4e4f4d457c733a31353a2252454e41544f20524f4553534c4552223b4150454c555345527c733a363a2252454e41544f223b494e53545f46414e54415349417c733a383a2244454c4c4155444f223b),
('hihi6gdgv73dqpgq2ahkmhs7lmdp33gm', '::1', 1547494737, 0x5f5f63695f6c6173745f726567656e65726174657c693a313534373439343733373b6c6f6761646f7c623a313b434f44494e53547c733a313a2231223b4e4f4d457c733a31353a2252454e41544f20524f4553534c4552223b4150454c555345527c733a363a2252454e41544f223b494e53545f46414e54415349417c733a383a2244454c4c4155444f223b4d53477c4e3b),
('hueo0bgphcobug5bgbcmmkij3p1ic2i4', '::1', 1547656686, 0x5f5f63695f6c6173745f726567656e65726174657c693a313534373635363638363b6c6f6761646f7c623a313b434f44494e53547c733a313a2231223b4e4f4d457c733a31353a2252454e41544f20524f4553534c4552223b4150454c555345527c733a363a2252454e41544f223b494e53545f46414e54415349417c733a383a2244454c4c4155444f223b),
('iei38fqacdcocs055gf744thl54l4084', '::1', 1547722346, 0x5f5f63695f6c6173745f726567656e65726174657c693a313534373732323334363b6c6f6761646f7c623a313b434f44494e53547c733a313a2231223b4e4f4d457c733a31353a2252454e41544f20524f4553534c4552223b4150454c555345527c733a363a2252454e41544f223b494e53545f46414e54415349417c733a383a2244454c4c4155444f223b4d53477c4e3b),
('istqrgoj7pshc7pm4f6o9m9pu5llic2f', '::1', 1547741038, 0x5f5f63695f6c6173745f726567656e65726174657c693a313534373734313033383b6c6f6761646f7c623a313b434f44494e53547c733a313a2231223b4e4f4d457c733a31353a2252454e41544f20524f4553534c4552223b4150454c555345527c733a363a2252454e41544f223b494e53545f46414e54415349417c733a383a2244454c4c4155444f223b),
('j7f14uotjot4er7kg1qi9u6ld7jdjm6t', '::1', 1547576690, 0x5f5f63695f6c6173745f726567656e65726174657c693a313534373537363639303b6c6f6761646f7c623a313b434f44494e53547c733a313a2231223b4e4f4d457c733a31353a2252454e41544f20524f4553534c4552223b4150454c555345527c733a363a2252454e41544f223b494e53545f46414e54415349417c733a383a2244454c4c4155444f223b4d53477c4e3b),
('j8gn91hq6qoc0d9gnd04hpgng9ir3e2g', '::1', 1547730188, 0x5f5f63695f6c6173745f726567656e65726174657c693a313534373733303034303b6c6f6761646f7c623a313b434f44494e53547c733a313a2231223b4e4f4d457c733a31353a2252454e41544f20524f4553534c4552223b4150454c555345527c733a363a2252454e41544f223b494e53545f46414e54415349417c733a383a2244454c4c4155444f223b4d53477c4e3b),
('j8kp1ivgqhmjagc3vosfjac40tfv219n', '::1', 1547759767, 0x5f5f63695f6c6173745f726567656e65726174657c693a313534373735393736373b6c6f6761646f7c623a313b434f44494e53547c733a313a2231223b4e4f4d457c733a31353a2252454e41544f20524f4553534c4552223b4150454c555345527c733a363a2252454e41544f223b494e53545f46414e54415349417c733a383a2244454c4c4155444f223b4d53477c4e3b),
('jcjpruv8sfpcag2drq3j72kbqc9uv45e', '::1', 1548181216, 0x5f5f63695f6c6173745f726567656e65726174657c693a313534383138313231363b6c6f6761646f7c623a313b434f44494e53547c733a313a2231223b4e4f4d457c733a31353a2252454e41544f20524f4553534c4552223b4150454c555345527c733a363a2252454e41544f223b494e53545f46414e54415349417c733a383a2244454c4c4155444f223b4d53477c4e3b),
('jne0p6ckp0mkr1eh60dgl8gd3dh9jsmi', '::1', 1548098087, 0x5f5f63695f6c6173745f726567656e65726174657c693a313534383039383038373b6c6f6761646f7c623a313b434f44494e53547c733a313a2231223b4e4f4d457c733a31353a2252454e41544f20524f4553534c4552223b4150454c555345527c733a363a2252454e41544f223b494e53545f46414e54415349417c733a383a2244454c4c4155444f223b),
('jnpfjua9kumgo67qhttv7ijhfu0m9nk9', '::1', 1547730040, 0x5f5f63695f6c6173745f726567656e65726174657c693a313534373733303034303b6c6f6761646f7c623a313b434f44494e53547c733a313a2231223b4e4f4d457c733a31353a2252454e41544f20524f4553534c4552223b4150454c555345527c733a363a2252454e41544f223b494e53545f46414e54415349417c733a383a2244454c4c4155444f223b4d53477c4e3b),
('ju4nbkkte20iac0rm7bgaqbaih78ji3k', '::1', 1547818733, 0x5f5f63695f6c6173745f726567656e65726174657c693a313534373831383733333b6c6f6761646f7c623a313b434f44494e53547c733a313a2231223b4e4f4d457c733a31353a2252454e41544f20524f4553534c4552223b4150454c555345527c733a363a2252454e41544f223b494e53545f46414e54415349417c733a383a2244454c4c4155444f223b4d53477c4e3b),
('juivg6ld1nnd3rsjosa46dl0usvlj8t7', '::1', 1547656378, 0x5f5f63695f6c6173745f726567656e65726174657c693a313534373635363337383b6c6f6761646f7c623a313b434f44494e53547c733a313a2231223b4e4f4d457c733a31353a2252454e41544f20524f4553534c4552223b4150454c555345527c733a363a2252454e41544f223b494e53545f46414e54415349417c733a383a2244454c4c4155444f223b),
('k3qmp8k4eh30el05r8lm1pq0qph7h7ik', '::1', 1547672655, 0x5f5f63695f6c6173745f726567656e65726174657c693a313534373637323635323b6c6f6761646f7c623a313b434f44494e53547c733a313a2231223b4e4f4d457c733a31353a2252454e41544f20524f4553534c4552223b4150454c555345527c733a363a2252454e41544f223b494e53545f46414e54415349417c733a383a2244454c4c4155444f223b),
('kg3iqdtivn8ntsr8rvmhmfsh9bkimecn', '::1', 1547760031, 0x5f5f63695f6c6173745f726567656e65726174657c693a313534373735393736373b6c6f6761646f7c623a313b434f44494e53547c733a313a2231223b4e4f4d457c733a31353a2252454e41544f20524f4553534c4552223b4150454c555345527c733a363a2252454e41544f223b494e53545f46414e54415349417c733a383a2244454c4c4155444f223b4d53477c4e3b),
('kopg9eovouss22ra04468dp6ntdhqhru', '::1', 1547657654, 0x5f5f63695f6c6173745f726567656e65726174657c693a313534373635373635343b6c6f6761646f7c623a313b434f44494e53547c733a313a2231223b4e4f4d457c733a31353a2252454e41544f20524f4553534c4552223b4150454c555345527c733a363a2252454e41544f223b494e53545f46414e54415349417c733a383a2244454c4c4155444f223b),
('l3s25uno4c7d2nqarsfadlt95q61513m', '::1', 1547743384, 0x5f5f63695f6c6173745f726567656e65726174657c693a313534373734333338343b6c6f6761646f7c623a313b434f44494e53547c733a313a2231223b4e4f4d457c733a31353a2252454e41544f20524f4553534c4552223b4150454c555345527c733a363a2252454e41544f223b494e53545f46414e54415349417c733a383a2244454c4c4155444f223b4d53477c4e3b),
('ldk1q7n7k0gkif2e8i5ejt4di6dkrfng', '::1', 1547570288, 0x5f5f63695f6c6173745f726567656e65726174657c693a313534373537303238383b6c6f6761646f7c623a313b434f44494e53547c733a313a2231223b4e4f4d457c733a31353a2252454e41544f20524f4553534c4552223b4150454c555345527c733a363a2252454e41544f223b494e53545f46414e54415349417c733a383a2244454c4c4155444f223b4d53477c4e3b),
('lee82s57k0pv14a4msi4qauqd3bsqcv3', '::1', 1547667255, 0x5f5f63695f6c6173745f726567656e65726174657c693a313534373636373235353b6c6f6761646f7c623a313b434f44494e53547c733a313a2231223b4e4f4d457c733a31353a2252454e41544f20524f4553534c4552223b4150454c555345527c733a363a2252454e41544f223b494e53545f46414e54415349417c733a383a2244454c4c4155444f223b),
('lfi8j1goe9c8l7s2i4hpfpv5l9dbp4ta', '::1', 1547758240, 0x5f5f63695f6c6173745f726567656e65726174657c693a313534373735383234303b6c6f6761646f7c623a313b434f44494e53547c733a313a2231223b4e4f4d457c733a31353a2252454e41544f20524f4553534c4552223b4150454c555345527c733a363a2252454e41544f223b494e53545f46414e54415349417c733a383a2244454c4c4155444f223b4d53477c4e3b),
('lrs01sccr1b7spqrvd864s7l2hhfgg3q', '::1', 1547837649, 0x5f5f63695f6c6173745f726567656e65726174657c693a313534373833373632393b6c6f6761646f7c623a313b434f44494e53547c733a313a2231223b4e4f4d457c733a31353a2252454e41544f20524f4553534c4552223b4150454c555345527c733a363a2252454e41544f223b494e53545f46414e54415349417c733a383a2244454c4c4155444f223b4d53477c4e3b),
('ml3grvb32245hqblnrlgr5uq7dhujtel', '::1', 1547654789, 0x5f5f63695f6c6173745f726567656e65726174657c693a313534373635343738393b6c6f6761646f7c623a313b434f44494e53547c733a313a2231223b4e4f4d457c733a31353a2252454e41544f20524f4553534c4552223b4150454c555345527c733a363a2252454e41544f223b494e53545f46414e54415349417c733a383a2244454c4c4155444f223b),
('n0debp1lb8vv82p00tc9kc7cfsbool8f', '::1', 1548162270, 0x5f5f63695f6c6173745f726567656e65726174657c693a313534383136323237303b6c6f6761646f7c623a313b434f44494e53547c733a313a2231223b4e4f4d457c733a31353a2252454e41544f20524f4553534c4552223b4150454c555345527c733a363a2252454e41544f223b494e53545f46414e54415349417c733a383a2244454c4c4155444f223b4d53477c4e3b),
('na1kg3oa3948i3enk4aqm21a8m3eacsk', '::1', 1547566588, 0x5f5f63695f6c6173745f726567656e65726174657c693a313534373536363538383b6c6f6761646f7c623a313b434f44494e53547c733a313a2231223b4e4f4d457c733a31353a2252454e41544f20524f4553534c4552223b4150454c555345527c733a363a2252454e41544f223b494e53545f46414e54415349417c733a383a2244454c4c4155444f223b4d53477c4e3b),
('ngh0qtgsuf295butgtp8q7lc90pkh7s5', '::1', 1547757451, 0x5f5f63695f6c6173745f726567656e65726174657c693a313534373735373435313b6c6f6761646f7c623a313b434f44494e53547c733a313a2231223b4e4f4d457c733a31353a2252454e41544f20524f4553534c4552223b4150454c555345527c733a363a2252454e41544f223b494e53545f46414e54415349417c733a383a2244454c4c4155444f223b4d53477c4e3b),
('nlj79u7vqpfug55ok71cuac4ogn71oe4', '::1', 1547819626, 0x5f5f63695f6c6173745f726567656e65726174657c693a313534373831393632363b6c6f6761646f7c623a313b434f44494e53547c733a313a2231223b4e4f4d457c733a31353a2252454e41544f20524f4553534c4552223b4150454c555345527c733a363a2252454e41544f223b494e53545f46414e54415349417c733a383a2244454c4c4155444f223b4d53477c4e3b),
('nomuaf81m8ij5jgu44mnfj1ddat9gudp', '::1', 1547724137, 0x5f5f63695f6c6173745f726567656e65726174657c693a313534373732343133373b6c6f6761646f7c623a313b434f44494e53547c733a313a2231223b4e4f4d457c733a31353a2252454e41544f20524f4553534c4552223b4150454c555345527c733a363a2252454e41544f223b494e53545f46414e54415349417c733a383a2244454c4c4155444f223b4d53477c4e3b),
('np1e0lig8eh9a9jekmu9a0jl78tml18n', '::1', 1547819183, 0x5f5f63695f6c6173745f726567656e65726174657c693a313534373831393138333b6c6f6761646f7c623a313b434f44494e53547c733a313a2231223b4e4f4d457c733a31353a2252454e41544f20524f4553534c4552223b4150454c555345527c733a363a2252454e41544f223b494e53545f46414e54415349417c733a383a2244454c4c4155444f223b4d53477c4e3b),
('od3ksti28irpi9v704r1efktlkbqeeei', '::1', 1547664779, 0x5f5f63695f6c6173745f726567656e65726174657c693a313534373636343737393b6c6f6761646f7c623a313b434f44494e53547c733a313a2231223b4e4f4d457c733a31353a2252454e41544f20524f4553534c4552223b4150454c555345527c733a363a2252454e41544f223b494e53545f46414e54415349417c733a383a2244454c4c4155444f223b),
('osts4rv53r1vq4ur313kgug520j9pp8j', '::1', 1548164629, 0x5f5f63695f6c6173745f726567656e65726174657c693a313534383136343632393b6c6f6761646f7c623a313b434f44494e53547c733a313a2231223b4e4f4d457c733a31353a2252454e41544f20524f4553534c4552223b4150454c555345527c733a363a2252454e41544f223b494e53545f46414e54415349417c733a383a2244454c4c4155444f223b4d53477c4e3b),
('ougp3r4io993g5o77a94uhlpv3d0eh09', '::1', 1547741298, 0x5f5f63695f6c6173745f726567656e65726174657c693a313534373734313237363b6c6f6761646f7c623a313b434f44494e53547c733a313a2231223b4e4f4d457c733a31353a2252454e41544f20524f4553534c4552223b4150454c555345527c733a363a2252454e41544f223b494e53545f46414e54415349417c733a383a2244454c4c4155444f223b),
('pa2fv49ikb564l61o70k8phqff8bb7i9', '::1', 1547742179, 0x5f5f63695f6c6173745f726567656e65726174657c693a313534373734323137393b6c6f6761646f7c623a313b434f44494e53547c733a313a2231223b4e4f4d457c733a31353a2252454e41544f20524f4553534c4552223b4150454c555345527c733a363a2252454e41544f223b494e53545f46414e54415349417c733a383a2244454c4c4155444f223b),
('pd73civ0imuq6kjgu76tme3f8jqks4l2', '::1', 1547721985, 0x5f5f63695f6c6173745f726567656e65726174657c693a313534373732313938353b6c6f6761646f7c623a313b434f44494e53547c733a313a2231223b4e4f4d457c733a31353a2252454e41544f20524f4553534c4552223b4150454c555345527c733a363a2252454e41544f223b494e53545f46414e54415349417c733a383a2244454c4c4155444f223b4d53477c613a323a7b693a303b733a313a2273223b693a313b733a32373a22456c7569c3a7c3a36f2073616c766f20636f6d207375636573736f223b7d),
('pmq38uc989a40g53ll1rh9qppm8p73u5', '::1', 1547826588, 0x5f5f63695f6c6173745f726567656e65726174657c693a313534373832363538383b6c6f6761646f7c623a313b434f44494e53547c733a313a2231223b4e4f4d457c733a31353a2252454e41544f20524f4553534c4552223b4150454c555345527c733a363a2252454e41544f223b494e53545f46414e54415349417c733a383a2244454c4c4155444f223b4d53477c4e3b),
('q1p5m6j81i8lqfjfg1nj5i57tc7482fp', '::1', 1547655151, 0x5f5f63695f6c6173745f726567656e65726174657c693a313534373635353135313b6c6f6761646f7c623a313b434f44494e53547c733a313a2231223b4e4f4d457c733a31353a2252454e41544f20524f4553534c4552223b4150454c555345527c733a363a2252454e41544f223b494e53545f46414e54415349417c733a383a2244454c4c4155444f223b),
('q639vli0585tjsr7gqojk1ek2cig1ltk', '::1', 1548185918, 0x5f5f63695f6c6173745f726567656e65726174657c693a313534383138353639343b6c6f6761646f7c623a313b434f44494e53547c733a313a2231223b4e4f4d457c733a31353a2252454e41544f20524f4553534c4552223b4150454c555345527c733a363a2252454e41544f223b494e53545f46414e54415349417c733a383a2244454c4c4155444f223b4d53477c4e3b),
('qc6ckd24q2a0emjai69hcnghd9oe7723', '::1', 1547678515, 0x5f5f63695f6c6173745f726567656e65726174657c693a313534373637383435353b6c6f6761646f7c623a313b434f44494e53547c733a313a2231223b4e4f4d457c733a31353a2252454e41544f20524f4553534c4552223b4150454c555345527c733a363a2252454e41544f223b494e53545f46414e54415349417c733a383a2244454c4c4155444f223b),
('qgjcqa1k1vh6up72gk661sil3l2ogf93', '::1', 1547721659, 0x5f5f63695f6c6173745f726567656e65726174657c693a313534373732313635393b6c6f6761646f7c623a313b434f44494e53547c733a313a2231223b4e4f4d457c733a31353a2252454e41544f20524f4553534c4552223b4150454c555345527c733a363a2252454e41544f223b494e53545f46414e54415349417c733a383a2244454c4c4155444f223b),
('qi4a3aj5ensud7u8po4sutggdblttu2u', '::1', 1547727964, 0x5f5f63695f6c6173745f726567656e65726174657c693a313534373732373936343b6c6f6761646f7c623a313b434f44494e53547c733a313a2231223b4e4f4d457c733a31353a2252454e41544f20524f4553534c4552223b4150454c555345527c733a363a2252454e41544f223b494e53545f46414e54415349417c733a383a2244454c4c4155444f223b4d53477c4e3b),
('qvaflp8aefa844i0q4m3hjipg8a94oqn', '::1', 1547495081, 0x5f5f63695f6c6173745f726567656e65726174657c693a313534373439353038313b6c6f6761646f7c623a313b434f44494e53547c733a313a2231223b4e4f4d457c733a31353a2252454e41544f20524f4553534c4552223b4150454c555345527c733a363a2252454e41544f223b494e53545f46414e54415349417c733a383a2244454c4c4155444f223b4d53477c4e3b),
('r5gm9s2jkbkpmht12983u39ijtqavh2v', '::1', 1547817850, 0x5f5f63695f6c6173745f726567656e65726174657c693a313534373831373835303b6c6f6761646f7c623a313b434f44494e53547c733a313a2231223b4e4f4d457c733a31353a2252454e41544f20524f4553534c4552223b4150454c555345527c733a363a2252454e41544f223b494e53545f46414e54415349417c733a383a2244454c4c4155444f223b),
('r7inqtpqndd3bs5h6qtemlvm2isbgmjl', '::1', 1547740674, 0x5f5f63695f6c6173745f726567656e65726174657c693a313534373734303637343b6c6f6761646f7c623a313b434f44494e53547c733a313a2231223b4e4f4d457c733a31353a2252454e41544f20524f4553534c4552223b4150454c555345527c733a363a2252454e41544f223b494e53545f46414e54415349417c733a383a2244454c4c4155444f223b),
('rbpbmsubkk9tid3dhroerhmhq1hvgrj5', '::1', 1547825362, 0x5f5f63695f6c6173745f726567656e65726174657c693a313534373832353336323b6c6f6761646f7c623a313b434f44494e53547c733a313a2231223b4e4f4d457c733a31353a2252454e41544f20524f4553534c4552223b4150454c555345527c733a363a2252454e41544f223b494e53545f46414e54415349417c733a383a2244454c4c4155444f223b4d53477c4e3b),
('rc0gjp3dooid6q8gq756shgd4hcgjcvl', '::1', 1547721228, 0x5f5f63695f6c6173745f726567656e65726174657c693a313534373732313232383b6c6f6761646f7c623a313b434f44494e53547c733a313a2231223b4e4f4d457c733a31353a2252454e41544f20524f4553534c4552223b4150454c555345527c733a363a2252454e41544f223b494e53545f46414e54415349417c733a383a2244454c4c4155444f223b),
('rjqgfg17taj74d070f718r9qk63g9q2s', '::1', 1547652752, 0x5f5f63695f6c6173745f726567656e65726174657c693a313534373635323735323b6c6f6761646f7c623a313b434f44494e53547c733a313a2231223b4e4f4d457c733a31353a2252454e41544f20524f4553534c4552223b4150454c555345527c733a363a2252454e41544f223b494e53545f46414e54415349417c733a383a2244454c4c4155444f223b),
('s6qlhtfvu8m23l0f6g5gf61lb3iko9i7', '::1', 1547654032, 0x5f5f63695f6c6173745f726567656e65726174657c693a313534373635343033323b6c6f6761646f7c623a313b434f44494e53547c733a313a2231223b4e4f4d457c733a31353a2252454e41544f20524f4553534c4552223b4150454c555345527c733a363a2252454e41544f223b494e53545f46414e54415349417c733a383a2244454c4c4155444f223b),
('s84c62lkjoau341jedq0j4hagnt8tdcs', '::1', 1548174374, 0x5f5f63695f6c6173745f726567656e65726174657c693a313534383137343337343b6c6f6761646f7c623a313b434f44494e53547c733a313a2231223b4e4f4d457c733a31353a2252454e41544f20524f4553534c4552223b4150454c555345527c733a363a2252454e41544f223b494e53545f46414e54415349417c733a383a2244454c4c4155444f223b4d53477c4e3b),
('stubgboglfmlghcti1li1vqu0qspgst2', '::1', 1547579629, 0x5f5f63695f6c6173745f726567656e65726174657c693a313534373537393632393b6c6f6761646f7c623a313b434f44494e53547c733a313a2231223b4e4f4d457c733a31353a2252454e41544f20524f4553534c4552223b4150454c555345527c733a363a2252454e41544f223b494e53545f46414e54415349417c733a383a2244454c4c4155444f223b4d53477c4e3b),
('sujimgh0m9nlt9vvf3mho92uuslc87fg', '::1', 1548173627, 0x5f5f63695f6c6173745f726567656e65726174657c693a313534383137333632373b6c6f6761646f7c623a313b434f44494e53547c733a313a2231223b4e4f4d457c733a31353a2252454e41544f20524f4553534c4552223b4150454c555345527c733a363a2252454e41544f223b494e53545f46414e54415349417c733a383a2244454c4c4155444f223b4d53477c4e3b),
('tl1ica0r2b9sf6trib4orj0k5fajicfr', '::1', 1547567231, 0x5f5f63695f6c6173745f726567656e65726174657c693a313534373536373233313b6c6f6761646f7c623a313b434f44494e53547c733a313a2231223b4e4f4d457c733a31353a2252454e41544f20524f4553534c4552223b4150454c555345527c733a363a2252454e41544f223b494e53545f46414e54415349417c733a383a2244454c4c4155444f223b4d53477c4e3b),
('tnrekj931gla3js3aqh3nsp7nu97tsmn', '::1', 1547759150, 0x5f5f63695f6c6173745f726567656e65726174657c693a313534373735393135303b6c6f6761646f7c623a313b434f44494e53547c733a313a2231223b4e4f4d457c733a31353a2252454e41544f20524f4553534c4552223b4150454c555345527c733a363a2252454e41544f223b494e53545f46414e54415349417c733a383a2244454c4c4155444f223b4d53477c4e3b),
('tri2ln6jo3hc4nvi9go81u13p5uosov9', '::1', 1547498430, 0x5f5f63695f6c6173745f726567656e65726174657c693a313534373439383433303b6c6f6761646f7c623a313b434f44494e53547c733a313a2231223b4e4f4d457c733a31353a2252454e41544f20524f4553534c4552223b4150454c555345527c733a363a2252454e41544f223b494e53545f46414e54415349417c733a383a2244454c4c4155444f223b4d53477c4e3b),
('ts6i80nrfp9m6o97fiets7ke51vdhnne', '::1', 1548162597, 0x5f5f63695f6c6173745f726567656e65726174657c693a313534383136323539373b6c6f6761646f7c623a313b434f44494e53547c733a313a2231223b4e4f4d457c733a31353a2252454e41544f20524f4553534c4552223b4150454c555345527c733a363a2252454e41544f223b494e53545f46414e54415349417c733a383a2244454c4c4155444f223b4d53477c4e3b),
('u3rhh37u3niv6ifvueet32gs354cl7gc', '::1', 1547567901, 0x5f5f63695f6c6173745f726567656e65726174657c693a313534373536373930313b6c6f6761646f7c623a313b434f44494e53547c733a313a2231223b4e4f4d457c733a31353a2252454e41544f20524f4553534c4552223b4150454c555345527c733a363a2252454e41544f223b494e53545f46414e54415349417c733a383a2244454c4c4155444f223b4d53477c4e3b),
('ui12phpot5mfn0h1htqt0i30aij68uhj', '::1', 1547663753, 0x5f5f63695f6c6173745f726567656e65726174657c693a313534373636333735333b6c6f6761646f7c623a313b434f44494e53547c733a313a2231223b4e4f4d457c733a31353a2252454e41544f20524f4553534c4552223b4150454c555345527c733a363a2252454e41544f223b494e53545f46414e54415349417c733a383a2244454c4c4155444f223b),
('upqcllfpf3v2ik48p9kqicp6gcfqkdf8', '::1', 1547578904, 0x5f5f63695f6c6173745f726567656e65726174657c693a313534373537383930343b6c6f6761646f7c623a313b434f44494e53547c733a313a2231223b4e4f4d457c733a31353a2252454e41544f20524f4553534c4552223b4150454c555345527c733a363a2252454e41544f223b494e53545f46414e54415349417c733a383a2244454c4c4155444f223b4d53477c4e3b),
('v2hqu562340oilatpiudo8do2e00vj8f', '::1', 1547825789, 0x5f5f63695f6c6173745f726567656e65726174657c693a313534373832353738393b6c6f6761646f7c623a313b434f44494e53547c733a313a2231223b4e4f4d457c733a31353a2252454e41544f20524f4553534c4552223b4150454c555345527c733a363a2252454e41544f223b494e53545f46414e54415349417c733a383a2244454c4c4155444f223b4d53477c4e3b),
('vqh67ushk7lg2ak3igp6crv4rf38ihgq', '::1', 1547498756, 0x5f5f63695f6c6173745f726567656e65726174657c693a313534373439383735363b6c6f6761646f7c623a313b434f44494e53547c733a313a2231223b4e4f4d457c733a31353a2252454e41544f20524f4553534c4552223b4150454c555345527c733a363a2252454e41544f223b494e53545f46414e54415349417c733a383a2244454c4c4155444f223b4d53477c4e3b);

-- --------------------------------------------------------

--
-- Estrutura da tabela `convenio`
--

CREATE TABLE `convenio` (
  `CODCONV` int(7) NOT NULL,
  `DESCRICAO` varchar(100) NOT NULL,
  `CODINST` int(7) NOT NULL
) ENGINE=InnoDB DEFAULT CHARSET=utf8;

--
-- Extraindo dados da tabela `convenio`
--

INSERT INTO `convenio` (`CODCONV`, `DESCRICAO`, `CODINST`) VALUES
(3, 'UNIMED', 1),
(4, 'IPE', 1),
(5, 'CAPASSEMU', 1),
(6, 'SUS', 1);

-- --------------------------------------------------------

--
-- Estrutura da tabela `eluicao`
--

CREATE TABLE `eluicao` (
  `CODELUICAO` int(11) NOT NULL,
  `LOTE` varchar(11) NOT NULL,
  `DATA` date NOT NULL,
  `HORA` time NOT NULL,
  `VOLUME` float(8,3) NOT NULL,
  `ATIVIDADE_MCI` float(7,3) NOT NULL,
  `CQ` char(1) NOT NULL,
  `EFI_ATV_TEORICA` float(7,3) NOT NULL,
  `EFI_ATV_MEDIDA` float(7,3) NOT NULL,
  `EFI_RESULTADO` float(8,3) NOT NULL,
  `EFI_VOLUME` int(11) NOT NULL,
  `PUREZA_RADIONUCLIDICA` float(7,3) NOT NULL,
  `PUREZA_RADIOQUIMICA` float(7,3) NOT NULL,
  `PUREZA_QUIMICA` char(1) NOT NULL,
  `LIMPIDA` char(1) NOT NULL,
  `CODGERADOR` int(7) NOT NULL,
  `PH` float(7,3) NOT NULL,
  `DATAINATIVO` datetime NOT NULL,
  `DATAHORA` datetime NOT NULL,
  `SUPERIOR` float(5,2) DEFAULT NULL,
  `INFERIOR` float(5,2) DEFAULT NULL,
  `ATV` float(5,2) NOT NULL,
  `ATVTECNEZIO` float(5,2) NOT NULL,
  `ATVFUNDO` float(5,2) NOT NULL
) ENGINE=InnoDB DEFAULT CHARSET=utf8;

--
-- Extraindo dados da tabela `eluicao`
--

INSERT INTO `eluicao` (`CODELUICAO`, `LOTE`, `DATA`, `HORA`, `VOLUME`, `ATIVIDADE_MCI`, `CQ`, `EFI_ATV_TEORICA`, `EFI_ATV_MEDIDA`, `EFI_RESULTADO`, `EFI_VOLUME`, `PUREZA_RADIONUCLIDICA`, `PUREZA_RADIOQUIMICA`, `PUREZA_QUIMICA`, `LIMPIDA`, `CODGERADOR`, `PH`, `DATAINATIVO`, `DATAHORA`, `SUPERIOR`, `INFERIOR`, `ATV`, `ATVTECNEZIO`, `ATVFUNDO`) VALUES
(62, 'E1', '2019-01-17', '17:24:00', 125.000, 1254.000, 'S', 1500.000, 1400.000, 93.330, 0, 36.610, 36.610, '', 'N', 37, 741.000, '2019-01-18 05:24:00', '2019-01-17 17:24:00', 123.00, 213.00, 12.00, 213.00, 123.00),
(63, 'E1', '2019-01-18', '14:25:00', 123.000, 123.000, 'S', 98.000, 93.000, 94.900, 0, 96.090, 36.610, '', 'S', 38, 213.000, '2019-01-19 02:25:00', '2019-01-18 14:25:00', 123.00, 5.00, 123.00, 123.00, 121.00);

-- --------------------------------------------------------

--
-- Estrutura da tabela `fabricante`
--

CREATE TABLE `fabricante` (
  `CODFABRICANTE` int(11) NOT NULL,
  `DESCRICAO` varchar(45) NOT NULL,
  `ESPECIFICACAO` varchar(45) NOT NULL,
  `TIPO` char(1) NOT NULL,
  `CODINST` int(7) NOT NULL
) ENGINE=InnoDB DEFAULT CHARSET=utf8;

--
-- Extraindo dados da tabela `fabricante`
--

INSERT INTO `fabricante` (`CODFABRICANTE`, `DESCRICAO`, `ESPECIFICACAO`, `TIPO`, `CODINST`) VALUES
(1, 'TEST1', 'TEST2', '2', 0),
(4, 'CADASTRO 22', 'CADASTRO 2', '1', 0),
(5, 'CADASTRO 3', 'CADASTRO 3', '2', 0),
(6, 'CADASTRO 41', 'CADASTRO 4', '2', 0),
(7, 'teste agora', 'teste 2111', '1', 0),
(15, 'TESTE CODINST', 'TESTE CODINST', '1', 19),
(16, 'GERADOR TEC', 'GERADOR TEC', '1', 1),
(17, 'TESTE RADIOFARMACO', 'TESTE RADIOFARMACO', '2', 1),
(18, 'cadastro teste31', 'teste 3', '2', 1),
(19, 'FABRICANTE RADIOFARMACO', 'FABRICANTE FARMACO', '2', 25),
(20, 'FABRICANTE GERADOR', 'FABRICANTE GERADOR', '1', 25),
(21, 'RPH12', 'RPH12', '2', 25),
(22, 'TESTE123', 'TESTE123', '1', 25),
(23, 'ipem1', 'ipem1', '2', 1),
(24, 'RPH11', 'RPH11', '2', 1);

-- --------------------------------------------------------

--
-- Estrutura da tabela `farmaco`
--

CREATE TABLE `farmaco` (
  `CODFARMACO` int(7) NOT NULL,
  `DESCRICAO` varchar(70) NOT NULL,
  `PH` float(7,3) NOT NULL,
  `SOLV_ORGANICO` float(4,1) NOT NULL,
  `SOLV_INORGANICO` float(4,1) NOT NULL,
  `CODINST` int(11) NOT NULL,
  `ATIVO` char(1) NOT NULL
) ENGINE=InnoDB DEFAULT CHARSET=utf8;

--
-- Extraindo dados da tabela `farmaco`
--

INSERT INTO `farmaco` (`CODFARMACO`, `DESCRICAO`, `PH`, `SOLV_ORGANICO`, `SOLV_INORGANICO`, `CODINST`, `ATIVO`) VALUES
(9, 'IPEM', 123.000, 123.0, 13.0, 25, 'S'),
(10, 'FARMACO', 0.000, 0.0, 0.0, 25, 'S'),
(11, 'MDP', 54.000, 50.0, 51.0, 25, 'S'),
(12, 'MDP', 4.000, 90.0, 95.0, 25, 'S'),
(15, 'RADIO TESTE 1', 125.000, 15.2, 16.8, 1, 'S'),
(16, 'FARAMACO 2', 125.000, 999.9, 25.0, 1, 'S'),
(17, 'SESTAMIBI', 4.000, 95.0, 95.0, 1, 'S');

-- --------------------------------------------------------

--
-- Estrutura da tabela `farmacofabricante`
--

CREATE TABLE `farmacofabricante` (
  `CODFARMACO` int(7) NOT NULL,
  `CODFABRICANTE` int(7) NOT NULL
) ENGINE=InnoDB DEFAULT CHARSET=utf8;

--
-- Extraindo dados da tabela `farmacofabricante`
--

INSERT INTO `farmacofabricante` (`CODFARMACO`, `CODFABRICANTE`) VALUES
(15, 18),
(15, 17),
(16, 17),
(17, 23);

-- --------------------------------------------------------

--
-- Estrutura da tabela `fracionamento`
--

CREATE TABLE `fracionamento` (
  `CODFRACIONAMENTO` int(7) NOT NULL,
  `CODMARCACAO` int(7) NOT NULL,
  `CODINST` int(3) NOT NULL
) ENGINE=InnoDB DEFAULT CHARSET=utf8;

--
-- Extraindo dados da tabela `fracionamento`
--

INSERT INTO `fracionamento` (`CODFRACIONAMENTO`, `CODMARCACAO`, `CODINST`) VALUES
(58, 3, 1),
(59, 3, 1),
(60, 3, 1),
(61, 3, 1),
(62, 3, 1),
(63, 3, 1),
(64, 3, 1),
(65, 3, 1),
(66, 3, 1),
(67, 3, 1),
(68, 3, 1),
(69, 3, 1),
(70, 3, 1),
(71, 3, 1),
(72, 5, 1),
(73, 5, 1),
(74, 6, 1),
(77, 8, 1),
(78, 8, 1),
(79, 7, 1),
(80, 9, 1);

-- --------------------------------------------------------

--
-- Estrutura da tabela `gerador`
--

CREATE TABLE `gerador` (
  `CODGERADOR` int(11) NOT NULL,
  `LOTE` varchar(11) NOT NULL,
  `DATA` date NOT NULL,
  `HORA` time NOT NULL,
  `NRO_ELUICAO` int(11) NOT NULL,
  `ATIVO` char(1) NOT NULL,
  `DATA_CALIBRACAO` date NOT NULL,
  `ATIVIDADE_CALIBRACAO` int(11) NOT NULL,
  `CODINST` int(11) NOT NULL,
  `APELUSER` varchar(10) NOT NULL,
  `CODFABRICANTE` int(11) NOT NULL,
  `DATAINATIVO` date NOT NULL
) ENGINE=InnoDB DEFAULT CHARSET=utf8;

--
-- Extraindo dados da tabela `gerador`
--

INSERT INTO `gerador` (`CODGERADOR`, `LOTE`, `DATA`, `HORA`, `NRO_ELUICAO`, `ATIVO`, `DATA_CALIBRACAO`, `ATIVIDADE_CALIBRACAO`, `CODINST`, `APELUSER`, `CODFABRICANTE`, `DATAINATIVO`) VALUES
(13, '1234', '2018-10-24', '12:05:00', 123, 'S', '2018-10-16', 4514, 1, 'RENATO', 5, '2018-11-18'),
(15, '5555', '2018-11-12', '17:04:00', 1, 'S', '2018-11-12', 5555, 1, 'RENATO', 17, '2018-11-18'),
(19, '123', '2018-11-19', '18:08:00', 231, 'S', '2018-11-20', 123, 1, 'RENATO', 16, '2018-11-18'),
(20, '2133213', '2018-11-19', '18:09:00', 123, 'S', '2018-11-20', 123, 1, 'RENATO', 16, '2018-12-04'),
(21, '123', '2018-11-20', '17:59:00', 1244, '', '2018-11-06', 13, 1, 'RENATO', 16, '2018-12-05'),
(22, '12451', '2018-11-23', '18:04:00', 123, '', '2018-11-15', 123, 1, 'RENATO', 16, '2018-12-08'),
(23, '1233', '2018-11-26', '12:44:00', 1, '', '2018-11-26', 1200, 1, 'FERNANDO', 18, '2018-12-11'),
(24, '123asdf123', '2018-11-27', '18:52:00', 0, '', '2018-11-06', 123, 1, 'RENATO', 16, '2018-12-12'),
(25, 'G123', '2018-12-06', '16:57:00', 0, '', '2018-12-06', 123, 1, 'RENATO', 18, '2018-12-21'),
(26, '123', '2018-12-17', '11:46:00', 4, '', '2018-12-17', 123, 1, 'RENATO', 16, '2019-01-01'),
(27, '1233', '2018-12-18', '20:32:00', 5, '', '2018-12-18', 123, 1, 'RENATO', 16, '2019-01-02'),
(29, 'g1', '2018-12-18', '21:02:00', 1, '', '2018-12-18', 12, 1, 'RENATO', 18, '2019-01-02'),
(30, '1234567891', '2018-12-20', '18:18:00', 1, '', '2018-12-20', 123, 1, 'RENATO', 18, '2019-01-04'),
(31, '124', '2018-12-20', '21:00:00', 1, '', '2018-12-20', 123, 25, 'NOVO', 20, '2019-01-04'),
(32, '2134', '2018-12-21', '20:37:00', 1, '', '2018-12-21', 1234123, 25, 'NOVO1', 20, '2019-01-05'),
(33, '9999', '2018-12-21', '21:31:00', 1, '', '2018-12-14', 1200, 25, 'NOVO1', 21, '2019-01-05'),
(35, 'g1', '2019-01-10', '17:26:00', 1, '', '2019-01-10', 124, 1, 'RENATO', 18, '2019-01-25'),
(36, 'G011', '2019-01-11', '20:37:00', 2, '', '2019-01-11', 12, 1, 'RENATO', 16, '2019-01-26'),
(37, '018', '2019-01-18', '20:43:00', 1, '', '2019-01-18', 1500, 1, 'RENATO', 24, '2019-02-02'),
(38, '1254', '2019-01-15', '16:49:00', 1, '', '2019-01-15', 98, 1, 'RENATO', 16, '2019-01-30'),
(39, '123123', '2019-01-15', '17:21:00', 0, '', '2019-01-16', 123, 1, 'RENATO', 18, '0000-00-00'),
(40, '123', '2019-01-15', '17:38:00', 0, '', '2019-01-16', 98, 1, 'RENATO', 16, '0000-00-00'),
(41, '36', '2019-01-18', '19:15:00', 0, '', '2019-01-19', 1500, 1, 'RENATO', 16, '0000-00-00'),
(42, '123', '2019-01-18', '19:42:00', 0, '', '2019-01-18', 1500, 1, 'RENATO', 16, '0000-00-00'),
(51, '123', '2019-01-22', '17:26:00', 0, '', '2019-01-24', 1500, 1, 'RENATO', 16, '2019-02-08');

-- --------------------------------------------------------

--
-- Estrutura da tabela `instituicao`
--

CREATE TABLE `instituicao` (
  `CODINST` int(11) NOT NULL,
  `RAZAO` varchar(70) NOT NULL,
  `FANTASIA` varchar(30) NOT NULL,
  `CNPJ` varchar(15) NOT NULL
) ENGINE=InnoDB DEFAULT CHARSET=utf8;

--
-- Extraindo dados da tabela `instituicao`
--

INSERT INTO `instituicao` (`CODINST`, `RAZAO`, `FANTASIA`, `CNPJ`) VALUES
(1, 'Clinica de diagnostico por imagem vero dellaudo', 'DELLAUDO', '69.544.575/0001'),
(19, 'ADSF', 'CADASTRO TESTE', 'dd'),
(22, 'ASDFASDF', 'ADSFASDF', 'asdfasdf'),
(23, 'TYEST2', 'TESTE1', '12312312'),
(24, 'TESTETSETSET 4', 'REANATDOSFNEEED', '02514417474'),
(25, 'TESTE', 'TESTE AGORA', '12541258541'),
(26, 'INST TESTE', 'INST TEST', '000000000000000');

-- --------------------------------------------------------

--
-- Estrutura da tabela `itemfracionamento`
--

CREATE TABLE `itemfracionamento` (
  `CODITFRACIONAMENTO` int(7) NOT NULL,
  `CODFRACIONAMENTO` int(7) NOT NULL,
  `PRONTUARIO` int(7) NOT NULL,
  `ATIVIDADE` float(7,3) NOT NULL,
  `HORAINICIO` time NOT NULL,
  `ATV_ADMINISTRADA` float(7,3) NOT NULL,
  `HORA_ADMINISTRADA` time NOT NULL,
  `CODAGTOEXA` int(7) NOT NULL
) ENGINE=InnoDB DEFAULT CHARSET=utf8;

--
-- Extraindo dados da tabela `itemfracionamento`
--

INSERT INTO `itemfracionamento` (`CODITFRACIONAMENTO`, `CODFRACIONAMENTO`, `PRONTUARIO`, `ATIVIDADE`, `HORAINICIO`, `ATV_ADMINISTRADA`, `HORA_ADMINISTRADA`, `CODAGTOEXA`) VALUES
(61, 58, 6, 0.000, '00:00:00', 0.000, '00:00:00', 0),
(62, 59, 6, 1.000, '00:00:00', 0.000, '00:00:00', 0),
(63, 71, 3, 0.000, '00:00:00', 0.000, '00:00:00', 0),
(64, 71, 6, 0.000, '00:00:00', 0.000, '00:00:00', 0),
(65, 70, 8, 12.000, '17:06:00', 1.240, '17:10:00', 0),
(66, 72, 3, 9.541, '08:50:00', 9.800, '09:00:00', 0),
(67, 72, 8, 1.500, '08:50:00', 124.480, '09:00:00', 0),
(68, 72, 6, 0.000, '00:00:00', 0.000, '00:00:00', 0),
(69, 72, 7, 0.000, '00:00:00', 0.000, '00:00:00', 0),
(70, 73, 0, 7.541, '05:59:00', 5.218, '05:54:00', 11),
(71, 73, 0, 0.000, '00:00:00', 0.000, '00:00:00', 10),
(72, 74, 0, 9999.999, '12:32:00', 125.650, '12:23:00', 13),
(76, 77, 0, 29.000, '09:23:00', 28.000, '10:49:00', 16),
(78, 77, 0, 12.222, '09:12:00', 12.330, '09:23:00', 15),
(79, 78, 0, 0.000, '00:00:00', 0.000, '00:00:00', 14),
(80, 79, 0, 0.000, '00:00:00', 0.000, '00:00:00', 17),
(81, 80, 0, 0.000, '00:00:00', 0.000, '00:00:00', 17);

-- --------------------------------------------------------

--
-- Estrutura da tabela `itfracionamento`
--

CREATE TABLE `itfracionamento` (
  `CODITFRACIONAMENTO` int(7) NOT NULL,
  `CODMARCACAO` int(7) NOT NULL,
  `CODAGTOEXA` int(7) NOT NULL,
  `ATIVIDADE_INICIAL` float(7,3) NOT NULL,
  `HORA_INICIAL` time NOT NULL,
  `ATIVIDADE_ADMINISTRADA` float(7,3) NOT NULL,
  `HORA_ADMINISTRADA` time NOT NULL,
  `VOLUME` float(6,3) NOT NULL
) ENGINE=InnoDB DEFAULT CHARSET=utf8;

--
-- Extraindo dados da tabela `itfracionamento`
--

INSERT INTO `itfracionamento` (`CODITFRACIONAMENTO`, `CODMARCACAO`, `CODAGTOEXA`, `ATIVIDADE_INICIAL`, `HORA_INICIAL`, `ATIVIDADE_ADMINISTRADA`, `HORA_ADMINISTRADA`, `VOLUME`) VALUES
(9, 12, 18, 12.000, '05:00:00', 1254.000, '05:00:00', 0.000),
(10, 12, 18, 15.510, '06:30:00', 10.570, '10:30:00', 0.000),
(11, 13, 20, 10.000, '05:50:00', 10.500, '06:00:00', 0.000),
(12, 14, 20, 0.000, '00:00:00', 0.000, '00:00:00', 0.000),
(13, 14, 21, 37.900, '07:00:00', 19.500, '08:22:00', 0.000),
(14, 24, 23, 1.250, '05:50:00', 2.540, '05:00:00', 0.000),
(15, 25, 22, 0.000, '00:00:00', 0.000, '00:00:00', 0.000),
(17, 25, 23, 0.000, '00:00:00', 0.000, '00:00:00', 0.000),
(18, 26, 25, 0.000, '00:00:00', 1500.000, '03:20:00', 0.000),
(24, 27, 34, 12.000, '05:32:00', 0.000, '00:00:00', 13.000),
(25, 28, 41, 123.000, '12:05:00', 0.000, '00:00:00', 123.000),
(26, 28, 40, 123.000, '21:13:00', 0.000, '00:00:00', 213.000);

-- --------------------------------------------------------

--
-- Estrutura da tabela `marcacao`
--

CREATE TABLE `marcacao` (
  `CODMARCACAO` int(7) NOT NULL,
  `CODELUICAO` int(7) NOT NULL,
  `DATA` date NOT NULL,
  `HORA` time NOT NULL,
  `LOTE` varchar(9) NOT NULL,
  `KIT_CODFABRICANTE` int(7) NOT NULL,
  `KIT_LOTE` varchar(11) NOT NULL,
  `CQ` char(1) NOT NULL,
  `ORGANICO` double(7,4) NOT NULL,
  `QUIMICO` double(7,4) NOT NULL,
  `APELUSER` varchar(11) NOT NULL,
  `CODFARMACO` int(7) NOT NULL,
  `PH` float(7,4) NOT NULL
) ENGINE=InnoDB DEFAULT CHARSET=utf8;

--
-- Extraindo dados da tabela `marcacao`
--

INSERT INTO `marcacao` (`CODMARCACAO`, `CODELUICAO`, `DATA`, `HORA`, `LOTE`, `KIT_CODFABRICANTE`, `KIT_LOTE`, `CQ`, `ORGANICO`, `QUIMICO`, `APELUSER`, `CODFARMACO`, `PH`) VALUES
(3, 5, '2018-10-18', '05:59:00', '', 4, '213', 'S', 12.0000, 231.0000, 'RENATO', 0, 0.0000),
(4, 6, '2018-11-12', '17:06:00', '', 16, '7777', 'S', 1.0000, 2.0000, 'RENATO', 0, 0.0000),
(5, 6, '2018-11-12', '08:05:00', '', 16, '42148', 'S', 123.0000, 231.0000, 'RENATO', 0, 0.0000),
(6, 19, '2018-11-23', '16:25:00', '', 16, '123', 'N', 0.0000, 0.0000, 'RENATO', 0, 0.0000),
(7, 20, '2018-11-26', '10:20:00', '', 16, '123', 'N', 0.0000, 0.0000, 'FERNANDO', 0, 0.0000),
(8, 20, '2018-11-26', '10:30:00', '', 16, '7777', 'N', 0.0000, 0.0000, 'FERNANDO', 0, 0.0000),
(9, 21, '2018-12-03', '05:05:00', '', 16, '123', 'N', 0.0000, 0.0000, 'RENATO', 0, 0.0000),
(10, 24, '2018-12-06', '21:27:00', 'E1', 16, '213A', 'N', 0.0000, 0.0000, 'RENATO', 1, 12.0000),
(11, 25, '2018-12-07', '18:58:00', 'E1', 16, '123', 'N', 0.0000, 0.0000, 'RENATO', 1, 123.0000),
(12, 26, '2018-12-10', '17:38:00', 'E1', 16, '125', 'N', 0.0000, 0.0000, 'RENATO', 1, 0.0000),
(13, 27, '2018-12-13', '17:47:00', 'M2', 16, '123', 'S', 0.0000, 0.0000, 'RENATO', 1, 0.0000),
(14, 28, '2018-12-17', '11:59:00', 'M1', 16, '12', 'N', 0.0000, 0.0000, 'RENATO', 1, 0.0000),
(15, 30, '2018-12-17', '21:04:00', 'M1', 16, '123', 'N', 0.0000, 0.0000, 'RENATO', 1, 0.0000),
(16, 38, '2018-12-18', '21:00:00', 'M1', 16, '122', 'N', 0.0000, 0.0000, 'RENATO', 1, 0.0000),
(17, 42, '2018-12-18', '21:03:00', 'M1', 16, '12', 'N', 0.0000, 0.0000, 'RENATO', 1, 0.0000),
(18, 45, '2018-12-20', '19:16:00', 'M1', 16, '125', 'N', 0.0000, 0.0000, 'RENATO', 1, 0.0000),
(24, 53, '2018-12-20', '21:42:00', 'M1', 20, '12', 'S', 1.0000, 2.0000, 'NOVO', 9, 3.0000),
(25, 54, '2018-12-21', '21:09:00', 'M1', 20, '12345', 'S', 95.0000, 95.0000, 'NOVO1', 9, 12.0000),
(26, 55, '2018-12-21', '21:32:00', 'M1', 20, '123', 'N', 0.0000, 0.0000, 'NOVO1', 9, 123.0000),
(27, 56, '2019-01-10', '20:39:00', 'M1', 18, '123', 'N', 0.0000, 0.0000, 'RENATO', 15, 0.0000),
(28, 62, '2019-01-17', '17:43:00', 'M1', 18, '123', 'S', 123.0000, 213.0000, 'RENATO', 15, 123.0000);

-- --------------------------------------------------------

--
-- Estrutura da tabela `paciente`
--

CREATE TABLE `paciente` (
  `PRONTUARIO` int(11) NOT NULL,
  `NOME` varchar(70) NOT NULL,
  `TELEFONE` varchar(15) NOT NULL,
  `PESO` decimal(7,4) NOT NULL,
  `CPF` varchar(15) NOT NULL,
  `EMAIL` varchar(255) NOT NULL,
  `DTNASCIMENTO` date NOT NULL,
  `CODINST` int(7) NOT NULL,
  `ALTURA` float(7,4) NOT NULL
) ENGINE=InnoDB DEFAULT CHARSET=utf8;

--
-- Extraindo dados da tabela `paciente`
--

INSERT INTO `paciente` (`PRONTUARIO`, `NOME`, `TELEFONE`, `PESO`, `CPF`, `EMAIL`, `DTNASCIMENTO`, `CODINST`, `ALTURA`) VALUES
(6, 'MAURO LODI', '(54)69414-1414', '105.0000', '151.414.211-41', 'mauroroberto@gmail.com', '1990-06-03', 1, 1.9500),
(7, 'RICARDO BORDIM', '(54)99999-9999', '65.0000', '000.000.000-00', 'ricardo@bordim.com', '2009-02-04', 1, 1.6500),
(8, 'DANIELE FERREIRA', '(54)98245-2411', '60.0000', '000.000.000-00', 'dani@gmail.com', '2018-10-10', 1, 160.0000),
(9, 'RODRIGO SILVA', '(54)99934-5961', '1.9500', '151.114.521-54', 'RODRIGO@GMAIL.COM', '2009-01-07', 1, 1.5900),
(12, 'MARCELO GHOE', '(54)99995-5555', '12.5000', '000.000.000-00', 'dani@gmail.com', '2012-02-08', 1, 1.5800),
(13, 'PEDRO SILVA', '(54)99359-236', '100.0000', '000.000.000-00', '', '1997-10-01', 25, 1.5700);

-- --------------------------------------------------------

--
-- Estrutura da tabela `procedimentos`
--

CREATE TABLE `procedimentos` (
  `CODPROCEDIMENTO` int(7) NOT NULL,
  `DESCRICAO` varchar(70) NOT NULL,
  `ATIVO` char(1) NOT NULL,
  `CODINST` int(7) NOT NULL
) ENGINE=InnoDB DEFAULT CHARSET=utf8;

--
-- Extraindo dados da tabela `procedimentos`
--

INSERT INTO `procedimentos` (`CODPROCEDIMENTO`, `DESCRICAO`, `ATIVO`, `CODINST`) VALUES
(7, 'ECO MAMARIA', 'S', 1),
(8, 'AMPLIACAO OU MAGNIFICACAO DE LESAO MAMARIA', 'S', 1),
(9, 'ANGIO-RM VENOSA DE CRANIO', 'S', 1),
(10, 'DENSITOMETRIA OSSEA (CORPO INTEIRO - ACADEMIA)', 'S', 1),
(13, 'ECO MAMARIA', 'S', 25),
(14, 'RAIO X  PE', 'S', 25),
(15, 'ECOGRAFIA', 'S', 25);

-- --------------------------------------------------------

--
-- Estrutura da tabela `radioisotopo`
--

CREATE TABLE `radioisotopo` (
  `CODRADIOISOTOPO` int(7) NOT NULL,
  `DESCRICAO` varchar(100) NOT NULL,
  `CODINST` int(7) NOT NULL,
  `GAMAO` float(6,3) NOT NULL,
  `MEIAVIDA` int(2) NOT NULL
) ENGINE=InnoDB DEFAULT CHARSET=utf8;

--
-- Extraindo dados da tabela `radioisotopo`
--

INSERT INTO `radioisotopo` (`CODRADIOISOTOPO`, `DESCRICAO`, `CODINST`, `GAMAO`, `MEIAVIDA`) VALUES
(3, 'TESTE1', 1, 0.000, 0),
(6, 'TC-99M', 1, 0.000, 0),
(8, 'TESTE AGORA', 1, 0.000, 1);

-- --------------------------------------------------------

--
-- Estrutura da tabela `usuario`
--

CREATE TABLE `usuario` (
  `APELUSER` varchar(10) NOT NULL,
  `NOME` varchar(45) NOT NULL,
  `EMAIL` varchar(255) NOT NULL,
  `CODINST` int(11) NOT NULL,
  `senha` varchar(255) NOT NULL
) ENGINE=InnoDB DEFAULT CHARSET=utf8;

--
-- Extraindo dados da tabela `usuario`
--

INSERT INTO `usuario` (`APELUSER`, `NOME`, `EMAIL`, `CODINST`, `senha`) VALUES
('DANI', 'DANIELE FERREIRA', 'daniele@gmail.com', 22, '202cb962ac59075b964b07152d234b70'),
('FERNANDO', 'FERNANDO MENEZES', 'fernando@gmail.com', 1, '81dc9bdb52d04dc20036dbd8313ed055'),
('MAURO', 'MAURO ROBERTO LODI2', 'mauroroberto@gmail.com', 19, '81dc9bdb52d04dc20036dbd8313ed055'),
('NOVO', 'NOVO USUARIOI', 'NOVO@GMAIL.COM', 25, '81dc9bdb52d04dc20036dbd8313ed055'),
('NOVO1', 'NOVO TESTE', 'NOVO@GMAIL.COM', 25, '81dc9bdb52d04dc20036dbd8313ed055'),
('RENATO', 'RENATO ROESSLER', 'renatoroessler@gmailc.com', 1, '81dc9bdb52d04dc20036dbd8313ed055');

--
-- Indexes for dumped tables
--

--
-- Indexes for table `agenda`
--
ALTER TABLE `agenda`
  ADD PRIMARY KEY (`CODAGTO`);

--
-- Indexes for table `agendamento`
--
ALTER TABLE `agendamento`
  ADD PRIMARY KEY (`CODAGTO`);

--
-- Indexes for table `agtoexame`
--
ALTER TABLE `agtoexame`
  ADD PRIMARY KEY (`CODAGTOEXA`);

--
-- Indexes for table `ci_session`
--
ALTER TABLE `ci_session`
  ADD PRIMARY KEY (`id`),
  ADD KEY `ci_sessions_timestamp` (`timestamp`);

--
-- Indexes for table `convenio`
--
ALTER TABLE `convenio`
  ADD PRIMARY KEY (`CODCONV`);

--
-- Indexes for table `eluicao`
--
ALTER TABLE `eluicao`
  ADD PRIMARY KEY (`CODELUICAO`);

--
-- Indexes for table `fabricante`
--
ALTER TABLE `fabricante`
  ADD PRIMARY KEY (`CODFABRICANTE`);

--
-- Indexes for table `farmaco`
--
ALTER TABLE `farmaco`
  ADD PRIMARY KEY (`CODFARMACO`);

--
-- Indexes for table `fracionamento`
--
ALTER TABLE `fracionamento`
  ADD PRIMARY KEY (`CODFRACIONAMENTO`);

--
-- Indexes for table `gerador`
--
ALTER TABLE `gerador`
  ADD PRIMARY KEY (`CODGERADOR`);

--
-- Indexes for table `instituicao`
--
ALTER TABLE `instituicao`
  ADD PRIMARY KEY (`CODINST`);

--
-- Indexes for table `itemfracionamento`
--
ALTER TABLE `itemfracionamento`
  ADD PRIMARY KEY (`CODITFRACIONAMENTO`);

--
-- Indexes for table `itfracionamento`
--
ALTER TABLE `itfracionamento`
  ADD PRIMARY KEY (`CODITFRACIONAMENTO`);

--
-- Indexes for table `marcacao`
--
ALTER TABLE `marcacao`
  ADD PRIMARY KEY (`CODMARCACAO`);

--
-- Indexes for table `paciente`
--
ALTER TABLE `paciente`
  ADD PRIMARY KEY (`PRONTUARIO`);

--
-- Indexes for table `procedimentos`
--
ALTER TABLE `procedimentos`
  ADD PRIMARY KEY (`CODPROCEDIMENTO`);

--
-- Indexes for table `radioisotopo`
--
ALTER TABLE `radioisotopo`
  ADD PRIMARY KEY (`CODRADIOISOTOPO`);

--
-- Indexes for table `usuario`
--
ALTER TABLE `usuario`
  ADD PRIMARY KEY (`APELUSER`),
  ADD UNIQUE KEY `APELUSER` (`APELUSER`);

--
-- AUTO_INCREMENT for dumped tables
--

--
-- AUTO_INCREMENT for table `agenda`
--
ALTER TABLE `agenda`
  MODIFY `CODAGTO` int(3) NOT NULL AUTO_INCREMENT, AUTO_INCREMENT=5;

--
-- AUTO_INCREMENT for table `agendamento`
--
ALTER TABLE `agendamento`
  MODIFY `CODAGTO` int(7) NOT NULL AUTO_INCREMENT, AUTO_INCREMENT=54;

--
-- AUTO_INCREMENT for table `agtoexame`
--
ALTER TABLE `agtoexame`
  MODIFY `CODAGTOEXA` int(8) NOT NULL AUTO_INCREMENT, AUTO_INCREMENT=44;

--
-- AUTO_INCREMENT for table `convenio`
--
ALTER TABLE `convenio`
  MODIFY `CODCONV` int(7) NOT NULL AUTO_INCREMENT, AUTO_INCREMENT=7;

--
-- AUTO_INCREMENT for table `eluicao`
--
ALTER TABLE `eluicao`
  MODIFY `CODELUICAO` int(11) NOT NULL AUTO_INCREMENT, AUTO_INCREMENT=64;

--
-- AUTO_INCREMENT for table `fabricante`
--
ALTER TABLE `fabricante`
  MODIFY `CODFABRICANTE` int(11) NOT NULL AUTO_INCREMENT, AUTO_INCREMENT=25;

--
-- AUTO_INCREMENT for table `farmaco`
--
ALTER TABLE `farmaco`
  MODIFY `CODFARMACO` int(7) NOT NULL AUTO_INCREMENT, AUTO_INCREMENT=18;

--
-- AUTO_INCREMENT for table `fracionamento`
--
ALTER TABLE `fracionamento`
  MODIFY `CODFRACIONAMENTO` int(7) NOT NULL AUTO_INCREMENT, AUTO_INCREMENT=81;

--
-- AUTO_INCREMENT for table `gerador`
--
ALTER TABLE `gerador`
  MODIFY `CODGERADOR` int(11) NOT NULL AUTO_INCREMENT, AUTO_INCREMENT=52;

--
-- AUTO_INCREMENT for table `instituicao`
--
ALTER TABLE `instituicao`
  MODIFY `CODINST` int(11) NOT NULL AUTO_INCREMENT, AUTO_INCREMENT=27;

--
-- AUTO_INCREMENT for table `itemfracionamento`
--
ALTER TABLE `itemfracionamento`
  MODIFY `CODITFRACIONAMENTO` int(7) NOT NULL AUTO_INCREMENT, AUTO_INCREMENT=82;

--
-- AUTO_INCREMENT for table `itfracionamento`
--
ALTER TABLE `itfracionamento`
  MODIFY `CODITFRACIONAMENTO` int(7) NOT NULL AUTO_INCREMENT, AUTO_INCREMENT=27;

--
-- AUTO_INCREMENT for table `marcacao`
--
ALTER TABLE `marcacao`
  MODIFY `CODMARCACAO` int(7) NOT NULL AUTO_INCREMENT, AUTO_INCREMENT=29;

--
-- AUTO_INCREMENT for table `paciente`
--
ALTER TABLE `paciente`
  MODIFY `PRONTUARIO` int(11) NOT NULL AUTO_INCREMENT, AUTO_INCREMENT=14;

--
-- AUTO_INCREMENT for table `procedimentos`
--
ALTER TABLE `procedimentos`
  MODIFY `CODPROCEDIMENTO` int(7) NOT NULL AUTO_INCREMENT, AUTO_INCREMENT=16;

--
-- AUTO_INCREMENT for table `radioisotopo`
--
ALTER TABLE `radioisotopo`
  MODIFY `CODRADIOISOTOPO` int(7) NOT NULL AUTO_INCREMENT, AUTO_INCREMENT=9;
COMMIT;

/*!40101 SET CHARACTER_SET_CLIENT=@OLD_CHARACTER_SET_CLIENT */;
/*!40101 SET CHARACTER_SET_RESULTS=@OLD_CHARACTER_SET_RESULTS */;
/*!40101 SET COLLATION_CONNECTION=@OLD_COLLATION_CONNECTION */;
